{
  "features": [
    {
      "geometry": {
        "coordinates": [
          [
            [
              -6.3075368509,
              53.3405749208
            ],
            [
              -6.3074704568,
              53.3405783826
            ],
            [
              -6.3074040663,
              53.3405817545
            ],
            [
              -6.307383834,
              53.3405829054
            ],
            [
              -6.3073368057,
              53.3405852039
            ],
            [
              -6.3072897775,
              53.3405875024
            ],
            [
              -6.3072618676,
              53.3405886342
            ],
            [
              -6.3072411331,
              53.3405899577
            ],
            [
              -6.3072075188,
              53.3405912782
            ],
            [
              -6.3071740283,
              53.3405926004
            ],
            [
              -6.3071715828,
              53.3405855558
            ],
            [
              -6.3071257994,
              53.3405876921
            ],
            [
              -6.3071060459,
              53.3405830082
            ],
            [
              -6.3070862924,
              53.3405783242
            ],
            [
              -6.3070819852,
              53.340577634
            ],
            [
              -6.3070712628,
              53.340504417
            ],
            [
              -6.3070692319,
              53.3404650249
            ],
            [
              -6.3070612346,
              53.3403980476
            ],
            [
              -6.3070019579,
              53.3403937914
            ],
            [
              -6.3070003946,
              53.3403801089
            ],
            [
              -6.3069793672,
              53.340379451
            ],
            [
              -6.3069824235,
              53.3402460365
            ],
            [
              -6.3070619506,
              53.3402455473
            ],
            [
              -6.3070986092,
              53.3402455283
            ],
            [
              -6.3071236258,
              53.3402455238
            ],
            [
              -6.307140346,
              53.3402454914
            ],
            [
              -6.3073181045,
              53.3402444188
            ],
            [
              -6.3073539599,
              53.340245916
            ],
            [
              -6.3075102221,
              53.3402528961
            ],
            [
              -6.3075208452,
              53.3403911779
            ],
            [
              -6.3075332453,
              53.3405377531
            ],
            [
              -6.3075368509,
              53.3405749208
            ]
          ]
        ],
        "type": "Polygon"
      },
      "properties": {
        "address": "51A Old Kilmainham Road",
        "date_registered": "2017-03-31",
        "folio_reference": "DN143078L",
        "linked_planning_ref_count": 2,
        "owner_address": "Civic Offices, Wood Quay, Dublin 8, D08 RF3F",
        "ownership": "Dublin City Council",
        "planning_applications": [
          {
            "app_type": "Section 5",
            "applicant": "Irish Prison Services",
            "council_confirmed": true,
            "decision": "Grant  Exemption Certific",
            "decision_date": "2019-10-08",
            "outcome": "Granted",
            "overlap_pct": 96.9,
            "plan_ref": "0419/19",
            "planning_portal_url": "https://webapps.dublincity.ie/PublicAccess_Live/SearchResult/RunThirdPartySearch?FileSystemId=PL&Folder1_Ref=0419%2F19",
            "proposal": "EXPP: this submission to Dublin City Council is to",
            "register_number": "VS-0003",
            "registration_date": "2019-09-11"
          },
          {
            "app_type": "Permission",
            "applicant": "NOVAS Initiatives",
            "council_confirmed": true,
            "decision": "GRANT PERMISSION",
            "decision_date": "2015-10-21",
            "outcome": "Granted",
            "overlap_pct": 94.1,
            "plan_ref": "3964/14",
            "planning_portal_url": "https://webapps.dublincity.ie/PublicAccess_Live/SearchResult/RunThirdPartySearch?FileSystemId=PL&Folder1_Ref=3964%2F14",
            "proposal": "Construction of 13 apartments and a commercial/ret",
            "register_number": "VS-0003",
            "registration_date": "2015-09-24"
          }
        ],
        "priority_code": 1,
        "register_number": "VS-0003",
        "register_status": "Vacant - Suitable",
        "valuation": 1100000,
        "valuation_date": "2020-04-10"
      },
      "type": "Feature"
    },
    {
      "geometry": {
        "coordinates": [
          [
            [
              -6.3031724985,
              53.341627504
            ],
            [
              -6.3031705186,
              53.3415837987
            ],
            [
              -6.3031649063,
              53.3415411202
            ],
            [
              -6.3031489374,
              53.3414504832
            ],
            [
              -6.3030031596,
              53.3414476009
            ],
            [
              -6.3028573853,
              53.3414446286
            ],
            [
              -6.3027780582,
              53.3414431407
            ],
            [
              -6.3026986073,
              53.3414416509
            ],
            [
              -6.3026611598,
              53.3414396802
            ],
            [
              -6.3026249822,
              53.3414369188
            ],
            [
              -6.3025889248,
              53.3414342489
            ],
            [
              -6.3024657136,
              53.3414213519
            ],
            [
              -6.3023424989,
              53.3414085446
            ],
            [
              -6.3023954038,
              53.3415326898
            ],
            [
              -6.3024484327,
              53.3416568368
            ],
            [
              -6.3025074211,
              53.3416496776
            ],
            [
              -6.3026338111,
              53.3416355687
            ],
            [
              -6.3027133312,
              53.3416322065
            ],
            [
              -6.3028214572,
              53.3416320371
            ],
            [
              -6.302825223,
              53.3416338881
            ],
            [
              -6.3029647933,
              53.3416309306
            ],
            [
              -6.3031268305,
              53.3416298203
            ],
            [
              -6.3031724985,
              53.341627504
            ]
          ]
        ],
        "type": "Polygon"
      },
      "properties": {
        "address": "6 Kilmainham Lane, Dublin 8",
        "date_registered": "2019-08-20",
        "folio_reference": "DN221542F",
        "linked_planning_ref_count": 2,
        "owner_address": "Unit C1 Nutgrove Office Park, Nutgrove Avenue, Rathfarnham, Dublin 14",
        "ownership": "Halexmain Enterprises Limited",
        "planning_applications": [
          {
            "app_type": "Permission                              ",
            "applicant": "Halexmain Enterprises Ltd",
            "council_confirmed": true,
            "decision": "REFUSE PERMISSION        ",
            "decision_date": "2025-07-25",
            "outcome": "Refused",
            "overlap_pct": 96.1,
            "plan_ref": "WEB2243/25",
            "planning_portal_url": "https://webapps.dublincity.ie/PublicAccess_Live/SearchResult/RunThirdPartySearch?FileSystemId=PL&Folder1_Ref=WEB2243%2F25",
            "proposal": "We, Halexmain Enterprises Ltd, intend to apply for planning permission for the d",
            "register_number": "VS-0005",
            "registration_date": "2025-06-03"
          },
          {
            "app_type": "Permission",
            "applicant": "Henry Farrell & Brendan Lawless",
            "council_confirmed": true,
            "decision": "GRANT PERMISSION",
            "decision_date": "2008-09-09",
            "outcome": "Granted",
            "overlap_pct": 96.3,
            "plan_ref": "6705/07",
            "planning_portal_url": "https://webapps.dublincity.ie/PublicAccess_Live/SearchResult/RunThirdPartySearch?FileSystemId=PL&Folder1_Ref=6705%2F07",
            "proposal": "Construct a mixed use development with 58 no. apar",
            "register_number": "VS-0005",
            "registration_date": "2008-08-18"
          }
        ],
        "priority_code": 1,
        "register_number": "VS-0005",
        "register_status": "Vacant - Suitable",
        "valuation": 1100000,
        "valuation_date": "2022-08-29"
      },
      "type": "Feature"
    },
    {
      "geometry": {
        "coordinates": [
          [
            [
              -6.2957340985,
              53.3501222859
            ],
            [
              -6.2952977836,
              53.3502256052
            ],
            [
              -6.2948124447,
              53.3503405347
            ],
            [
              -6.294656022,
              53.3503770334
            ],
            [
              -6.2946650548,
              53.3503928
            ],
            [
              -6.2945804477,
              53.3504114521
            ],
            [
              -6.2945612012,
              53.3503598609
            ],
            [
              -6.2945941576,
              53.3503535017
            ],
            [
              -6.2944915815,
              53.3500589673
            ],
            [
              -6.2943151954,
              53.3495778846
            ],
            [
              -6.2940531252,
              53.3489440545
            ],
            [
              -6.2949132563,
              53.3490313915
            ],
            [
              -6.2949706709,
              53.3490453331
            ],
            [
              -6.2952047631,
              53.3492662549
            ],
            [
              -6.2955056653,
              53.3495948072
            ],
            [
              -6.2959467784,
              53.350072839
            ],
            [
              -6.2957340985,
              53.3501222859
            ]
          ]
        ],
        "type": "Polygon"
      },
      "properties": {
        "address": "Site at corner of Infirmary Road & Montpelier Hill, Dublin 7",
        "date_registered": "2017-11-28",
        "folio_reference": "151686L; 198023F",
        "linked_planning_ref_count": 4,
        "owner_address": "Civic Offices, Wood Quay, Dublin 8, D08 RF3F",
        "ownership": "Dublin City Council",
        "planning_applications": [
          {
            "app_type": "LAW",
            "applicant": "Housing & Community Services",
            "council_confirmed": true,
            "decision": "City Council - Approved",
            "decision_date": "2025-01-06",
            "outcome": "Other",
            "overlap_pct": 75.9,
            "plan_ref": "4276/24",
            "planning_portal_url": "https://webapps.dublincity.ie/PublicAccess_Live/SearchResult/RunThirdPartySearch?FileSystemId=PL&Folder1_Ref=4276%2F24",
            "proposal": "LAW: PROTECTED STRUCTURE: Alteration and extension",
            "register_number": "VS-0011",
            "registration_date": "2024-09-12"
          },
          {
            "app_type": "LAW",
            "applicant": "Dublin City Council",
            "council_confirmed": true,
            "decision": "City Council - Approved",
            "decision_date": "2019-10-07",
            "outcome": "Other",
            "overlap_pct": 96.6,
            "plan_ref": "3210/19",
            "planning_portal_url": "https://webapps.dublincity.ie/PublicAccess_Live/SearchResult/RunThirdPartySearch?FileSystemId=PL&Folder1_Ref=3210%2F19",
            "proposal": "LAW: PROTECTED STRUCTURE: Planning and Development",
            "register_number": "VS-0011",
            "registration_date": "2019-06-07"
          },
          {
            "app_type": "Permission",
            "applicant": "Cableside Developments",
            "council_confirmed": true,
            "decision": "GRANT PERMISSION",
            "decision_date": "2006-09-06",
            "outcome": "Granted",
            "overlap_pct": 97.2,
            "plan_ref": "2363/06",
            "planning_portal_url": "https://webapps.dublincity.ie/PublicAccess_Live/SearchResult/RunThirdPartySearch?FileSystemId=PL&Folder1_Ref=2363%2F06",
            "proposal": "PROTECTED STRUCTURE - provision of 227 no. residen",
            "register_number": "VS-0011",
            "registration_date": "2006-08-14"
          },
          {
            "app_type": "Permission",
            "applicant": "Cableside Development Ltd",
            "council_confirmed": true,
            "decision": "APPLICATION DECLARED INVA",
            "decision_date": "2006-02-01",
            "outcome": "Granted",
            "overlap_pct": 97.6,
            "plan_ref": "6372/05",
            "planning_portal_url": "https://webapps.dublincity.ie/PublicAccess_Live/SearchResult/RunThirdPartySearch?FileSystemId=PL&Folder1_Ref=6372%2F05",
            "proposal": "PROTECTED provision of 230 no. residential units i",
            "register_number": "VS-0011",
            "registration_date": "2005-12-22"
          }
        ],
        "priority_code": 11,
        "register_number": "VS-0011",
        "register_status": "Vacant - Suitable - DCC",
        "valuation": 10500000,
        "valuation_date": "2021-04-01"
      },
      "type": "Feature"
    },
    {
      "geometry": {
        "coordinates": [
          [
            [
              -6.2839266226,
              53.3448532367
            ],
            [
              -6.2838007105,
              53.3448519648
            ],
            [
              -6.2838004629,
              53.3448519612
            ],
            [
              -6.2836095572,
              53.345044145
            ],
            [
              -6.2835956944,
              53.3451179093
            ],
            [
              -6.2837542858,
              53.345165935
            ],
            [
              -6.2839389609,
              53.3452059776
            ],
            [
              -6.2840064294,
              53.3452191705
            ],
            [
              -6.2846534025,
              53.3453009997
            ],
            [
              -6.2847682554,
              53.3450131769
            ],
            [
              -6.2847918111,
              53.3449200498
            ],
            [
              -6.2847972459,
              53.3448618017
            ],
            [
              -6.2840904206,
              53.3448548736
            ],
            [
              -6.2839266226,
              53.3448532367
            ]
          ]
        ],
        "type": "Polygon"
      },
      "properties": {
        "address": "Corner of Watling Street and Bonham Street",
        "date_registered": "2017-05-10",
        "folio_reference": "182062F",
        "linked_planning_ref_count": 3,
        "owner_address": "Crane Street, Dublin 8, D08 HKR9",
        "ownership": "The Digital Hub Development Agency",
        "planning_applications": [
          {
            "app_type": "Permission",
            "applicant": "P. Elliott & Co Ltd.",
            "council_confirmed": true,
            "decision": "GRANT PERMISSION",
            "decision_date": "2009-03-25",
            "outcome": "Granted",
            "overlap_pct": 96.3,
            "plan_ref": "4733/08",
            "planning_portal_url": "https://webapps.dublincity.ie/PublicAccess_Live/SearchResult/RunThirdPartySearch?FileSystemId=PL&Folder1_Ref=4733%2F08",
            "proposal": "PROTECTED STRUCTURE-Alterations, partial demolitio",
            "register_number": "VS-0019",
            "registration_date": "2009-01-29"
          },
          {
            "app_type": "Permission",
            "applicant": "P. Elliott & Co. Ltd.",
            "council_confirmed": true,
            "decision": "GRANT PERMISSION",
            "decision_date": "2008-04-23",
            "outcome": "Granted",
            "overlap_pct": 96.6,
            "plan_ref": "1712/08",
            "planning_portal_url": "https://webapps.dublincity.ie/PublicAccess_Live/SearchResult/RunThirdPartySearch?FileSystemId=PL&Folder1_Ref=1712%2F08",
            "proposal": "PROTECTED STRUCTURE-Alterations & refurbishment to",
            "register_number": "VS-0019",
            "registration_date": "2008-02-29"
          },
          {
            "app_type": "Permission",
            "applicant": "P. Elliot & Co. Ltd.",
            "council_confirmed": true,
            "decision": "GRANT PERMISSION",
            "decision_date": "2006-12-01",
            "outcome": "Granted",
            "overlap_pct": 96.6,
            "plan_ref": "3233/06",
            "planning_portal_url": "https://webapps.dublincity.ie/PublicAccess_Live/SearchResult/RunThirdPartySearch?FileSystemId=PL&Folder1_Ref=3233%2F06",
            "proposal": "Protected Structures-Alterations and refurbishment",
            "register_number": "VS-0019",
            "registration_date": "2006-10-09"
          }
        ],
        "priority_code": 1,
        "register_number": "VS-0019",
        "register_status": "Vacant - Suitable",
        "valuation": 4500000,
        "valuation_date": "2020-12-01"
      },
      "type": "Feature"
    },
    {
      "geometry": {
        "coordinates": [
          [
            [
              -6.287775956,
              53.3411699136
            ],
            [
              -6.2877898189,
              53.3411701126
            ],
            [
              -6.2878016942,
              53.3411704627
            ],
            [
              -6.2878657776,
              53.3411721913
            ],
            [
              -6.2880033443,
              53.3411759628
            ],
            [
              -6.2881546825,
              53.341179123
            ],
            [
              -6.288241399,
              53.3411816254
            ],
            [
              -6.2883495179,
              53.3411847044
            ],
            [
              -6.2883629986,
              53.3411851674
            ],
            [
              -6.2884797639,
              53.3411888197
            ],
            [
              -6.288517119,
              53.3411899847
            ],
            [
              -6.2885433559,
              53.341190451
            ],
            [
              -6.2887423407,
              53.3411944736
            ],
            [
              -6.2889423194,
              53.3411984203
            ],
            [
              -6.2890827727,
              53.3412012434
            ],
            [
              -6.2890828266,
              53.3411998961
            ],
            [
              -6.2890830223,
              53.3411981015
            ],
            [
              -6.2890831928,
              53.3411969357
            ],
            [
              -6.2890833705,
              53.3411955901
            ],
            [
              -6.2890835303,
              53.3411946937
            ],
            [
              -6.2890835519,
              53.3411941548
            ],
            [
              -6.2890893693,
              53.3411942382
            ],
            [
              -6.2891014994,
              53.3411944122
            ],
            [
              -6.2891242741,
              53.3411947388
            ],
            [
              -6.2891433356,
              53.3411950121
            ],
            [
              -6.2891553419,
              53.3411951843
            ],
            [
              -6.2891591789,
              53.3411952393
            ],
            [
              -6.2891596968,
              53.3411823054
            ],
            [
              -6.2891607093,
              53.3411539207
            ],
            [
              -6.2891614701,
              53.3411318234
            ],
            [
              -6.2891622828,
              53.3411115242
            ],
            [
              -6.2891626532,
              53.3411022728
            ],
            [
              -6.2891634617,
              53.3410882645
            ],
            [
              -6.2891639199,
              53.3410799131
            ],
            [
              -6.2891644839,
              53.3410720126
            ],
            [
              -6.2892090467,
              53.3410725617
            ],
            [
              -6.2892474172,
              53.3410731119
            ],
            [
              -6.2892896282,
              53.3410736274
            ],
            [
              -6.2893199532,
              53.3410740622
            ],
            [
              -6.2893215635,
              53.3410400242
            ],
            [
              -6.2893228071,
              53.3410151478
            ],
            [
              -6.2893240973,
              53.3409891038
            ],
            [
              -6.2893253049,
              53.3409651256
            ],
            [
              -6.2893267488,
              53.3409259626
            ],
            [
              -6.2893285451,
              53.3408779973
            ],
            [
              -6.2893299875,
              53.3408357787
            ],
            [
              -6.2893309763,
              53.3408110783
            ],
            [
              -6.2893330237,
              53.3407630268
            ],
            [
              -6.2893340017,
              53.3407385959
            ],
            [
              -6.2893348143,
              53.3407182968
            ],
            [
              -6.2892325657,
              53.3407171002
            ],
            [
              -6.2891493856,
              53.3407159973
            ],
            [
              -6.2891111357,
              53.3407155387
            ],
            [
              -6.2891107854,
              53.3407211955
            ],
            [
              -6.2890864054,
              53.340720756
            ],
            [
              -6.2890368992,
              53.3407199562
            ],
            [
              -6.2890185842,
              53.3407196036
            ],
            [
              -6.2889899959,
              53.3407191038
            ],
            [
              -6.2889773709,
              53.3407189227
            ],
            [
              -6.2889492776,
              53.3407184299
            ],
            [
              -6.2888934661,
              53.3407173599
            ],
            [
              -6.2887921092,
              53.3407155466
            ],
            [
              -6.2886615487,
              53.3407131347
            ],
            [
              -6.2885656379,
              53.3407113994
            ],
            [
              -6.2885304931,
              53.3407107155
            ],
            [
              -6.2884761597,
              53.3407098461
            ],
            [
              -6.2884504147,
              53.3407094768
            ],
            [
              -6.2883994232,
              53.3407086554
            ],
            [
              -6.28837046,
              53.3407082399
            ],
            [
              -6.2883408815,
              53.3407077256
            ],
            [
              -6.2883388299,
              53.3407187503
            ],
            [
              -6.28833769,
              53.3407255641
            ],
            [
              -6.2883369719,
              53.3407311258
            ],
            [
              -6.2883360062,
              53.340736684
            ],
            [
              -6.2883299363,
              53.3407490889
            ],
            [
              -6.2883252084,
              53.3407589069
            ],
            [
              -6.2883162845,
              53.3407714507
            ],
            [
              -6.2883093251,
              53.3407813265
            ],
            [
              -6.2882965785,
              53.3407934559
            ],
            [
              -6.2882876998,
              53.3408017764
            ],
            [
              -6.2882838391,
              53.3408054057
            ],
            [
              -6.2882746791,
              53.3408114754
            ],
            [
              -6.2882664106,
              53.3408169287
            ],
            [
              -6.2882625967,
              53.3408193904
            ],
            [
              -6.2882481539,
              53.3408243957
            ],
            [
              -6.2882349704,
              53.3408288798
            ],
            [
              -6.2882286882,
              53.3408311263
            ],
            [
              -6.2882184559,
              53.3408330465
            ],
            [
              -6.2882159624,
              53.3408334601
            ],
            [
              -6.2882025012,
              53.3408356036
            ],
            [
              -6.2881963966,
              53.3408365046
            ],
            [
              -6.2881880533,
              53.3408376431
            ],
            [
              -6.2881830736,
              53.3408382906
            ],
            [
              -6.288179215,
              53.3408387745
            ],
            [
              -6.2880940435,
              53.3408379119
            ],
            [
              -6.2880353635,
              53.3408373394
            ],
            [
              -6.2879969861,
              53.3408369685
            ],
            [
              -6.2879836184,
              53.3408367767
            ],
            [
              -6.2879024005,
              53.3408361504
            ],
            [
              -6.2878465637,
              53.3408357086
            ],
            [
              -6.2878043493,
              53.3408352825
            ],
            [
              -6.2877820627,
              53.3408351424
            ],
            [
              -6.2877806942,
              53.3408909325
            ],
            [
              -6.2877799347,
              53.3409253422
            ],
            [
              -6.2877794481,
              53.3409436689
            ],
            [
              -6.2877799417,
              53.3409560781
            ],
            [
              -6.2877805446,
              53.3409688484
            ],
            [
              -6.2877796851,
              53.3409995719
            ],
            [
              -6.2877785614,
              53.3410492544
            ],
            [
              -6.2877772749,
              53.3411091798
            ],
            [
              -6.2877766234,
              53.3411408949
            ],
            [
              -6.2877760734,
              53.341163894
            ],
            [
              -6.287775956,
              53.3411699136
            ]
          ]
        ],
        "type": "Polygon"
      },
      "properties": {
        "address": "Grand Canal Place, Long's Place, Bond Street, Dublin 8",
        "date_registered": "2018-05-17",
        "folio_reference": "180880F; 190675F",
        "linked_planning_ref_count": 4,
        "owner_address": "Civic Offices, Wood Quay, Dublin 8, D08 RF3F",
        "ownership": "Dublin City Council",
        "planning_applications": [
          {
            "app_type": "Permission                              ",
            "applicant": "Atlas Avenue GP3 Ltd.",
            "council_confirmed": false,
            "decision": "GRANT PERMISSION AND RETE",
            "decision_date": "2026-03-25",
            "outcome": "Granted",
            "overlap_pct": 0.2,
            "plan_ref": "WEB5374/25",
            "planning_portal_url": "https://webapps.dublincity.ie/PublicAccess_Live/SearchResult/RunThirdPartySearch?FileSystemId=PL&Folder1_Ref=WEB5374%2F25",
            "proposal": "PROTECTED STRUCTURE: RETENTION & PERMISSION: The application site includes Prote",
            "register_number": "VS-0028",
            "registration_date": "2026-02-27"
          },
          {
            "app_type": "Permission",
            "applicant": "Larkmount Developments Ltd.",
            "council_confirmed": false,
            "decision": "REFUSE PERMISSION",
            "decision_date": "2019-04-01",
            "outcome": "Refused",
            "overlap_pct": 0.6,
            "plan_ref": "2205/19",
            "planning_portal_url": "https://webapps.dublincity.ie/PublicAccess_Live/SearchResult/RunThirdPartySearch?FileSystemId=PL&Folder1_Ref=2205%2F19",
            "proposal": "Permission for a Build to Rent residential develop",
            "register_number": "VS-0028",
            "registration_date": "2019-02-06"
          },
          {
            "app_type": "Permission",
            "applicant": "Canal Harbour Development Company Ltd",
            "council_confirmed": false,
            "decision": "GRANT PERMISSION",
            "decision_date": "2010-05-25",
            "outcome": "Granted",
            "overlap_pct": 0.1,
            "plan_ref": "3855/09",
            "planning_portal_url": "https://webapps.dublincity.ie/PublicAccess_Live/SearchResult/RunThirdPartySearch?FileSystemId=PL&Folder1_Ref=3855%2F09",
            "proposal": "PROTECTED STRUCTURE - 6 buildings ranging in heigh",
            "register_number": "VS-0028",
            "registration_date": "2010-04-28"
          },
          {
            "app_type": "Outline Permission",
            "applicant": "Ms. B. Deane,",
            "council_confirmed": false,
            "decision": "REFUSE OUTLINE PERMISSION",
            "decision_date": "1999-03-05",
            "outcome": "Refused",
            "overlap_pct": 5.3,
            "plan_ref": "3564/98",
            "planning_portal_url": "https://webapps.dublincity.ie/PublicAccess_Live/SearchResult/RunThirdPartySearch?FileSystemId=PL&Folder1_Ref=3564%2F98",
            "proposal": "Residential development comprising 5 no. two bed a",
            "register_number": "VS-0028",
            "registration_date": "1998-12-16"
          }
        ],
        "priority_code": 11,
        "register_number": "VS-0028",
        "register_status": "Vacant - Suitable - DCC",
        "valuation": 6000000,
        "valuation_date": "2021-07-01"
      },
      "type": "Feature"
    },
    {
      "geometry": {
        "coordinates": [
          [
            [
              -6.2894678487,
              53.3394646183
            ],
            [
              -6.2892760776,
              53.3394785845
            ],
            [
              -6.2891983345,
              53.3394840303
            ],
            [
              -6.2891942601,
              53.3394527867
            ],
            [
              -6.289188305,
              53.339409743
            ],
            [
              -6.2891850461,
              53.3393859704
            ],
            [
              -6.2891760257,
              53.3393205049
            ],
            [
              -6.2891671292,
              53.3392550412
            ],
            [
              -6.2891647073,
              53.3392382006
            ],
            [
              -6.2892097582,
              53.339235791
            ],
            [
              -6.2892078164,
              53.3392255179
            ],
            [
              -6.2892063878,
              53.3392148027
            ],
            [
              -6.2891990185,
              53.3391606847
            ],
            [
              -6.2891981496,
              53.3391483599
            ],
            [
              -6.2891961617,
              53.3391330533
            ],
            [
              -6.2891930487,
              53.3391025425
            ],
            [
              -6.2892182752,
              53.3390941867
            ],
            [
              -6.2892529801,
              53.3390841695
            ],
            [
              -6.2892793256,
              53.3390787955
            ],
            [
              -6.2893118042,
              53.339071802
            ],
            [
              -6.2893468747,
              53.3390650253
            ],
            [
              -6.2893713277,
              53.3390605229
            ],
            [
              -6.2893829066,
              53.3390589814
            ],
            [
              -6.2893918684,
              53.3390578517
            ],
            [
              -6.2894018418,
              53.3390561973
            ],
            [
              -6.2894030143,
              53.3390640329
            ],
            [
              -6.2894041097,
              53.339070699
            ],
            [
              -6.2894057968,
              53.3390811482
            ],
            [
              -6.2894078818,
              53.3390940297
            ],
            [
              -6.2894118835,
              53.3391178129
            ],
            [
              -6.2894140456,
              53.3391318638
            ],
            [
              -6.2894169338,
              53.33914943
            ],
            [
              -6.2894197163,
              53.3391665454
            ],
            [
              -6.289422221,
              53.3391813201
            ],
            [
              -6.2894256829,
              53.3392031185
            ],
            [
              -6.289428962,
              53.3392232966
            ],
            [
              -6.2894322519,
              53.3392432053
            ],
            [
              -6.2894331393,
              53.3392488799
            ],
            [
              -6.2894344355,
              53.3392567172
            ],
            [
              -6.2894358268,
              53.3392652749
            ],
            [
              -6.289437729,
              53.339276536
            ],
            [
              -6.2894398105,
              53.3392895073
            ],
            [
              -6.2894416876,
              53.3393013972
            ],
            [
              -6.2894436848,
              53.3393133786
            ],
            [
              -6.2894447731,
              53.3393202244
            ],
            [
              -6.2894460621,
              53.3393282414
            ],
            [
              -6.2894472706,
              53.3393351788
            ],
            [
              -6.2894477708,
              53.3393381517
            ],
            [
              -6.2894485524,
              53.3393433754
            ],
            [
              -6.2894496622,
              53.3393496823
            ],
            [
              -6.2894506375,
              53.3393562568
            ],
            [
              -6.2894520467,
              53.3393643654
            ],
            [
              -6.2894527262,
              53.3393690485
            ],
            [
              -6.2894537374,
              53.3393747248
            ],
            [
              -6.2894547234,
              53.3393810299
            ],
            [
              -6.2894556109,
              53.3393867045
            ],
            [
              -6.2894565199,
              53.3393918402
            ],
            [
              -6.2894575095,
              53.3393980555
            ],
            [
              -6.2894581962,
              53.3394025589
            ],
            [
              -6.2894591894,
              53.3394086843
            ],
            [
              -6.2894598796,
              53.3394130979
            ],
            [
              -6.2894607922,
              53.3394181437
            ],
            [
              -6.2894613911,
              53.3394217472
            ],
            [
              -6.2894620705,
              53.3394264302
            ],
            [
              -6.2894626729,
              53.3394299438
            ],
            [
              -6.2894630709,
              53.339432376
            ],
            [
              -6.2894635388,
              53.3394361573
            ],
            [
              -6.289464039,
              53.3394391302
            ],
            [
              -6.2894646306,
              53.3394429133
            ],
            [
              -6.2894651201,
              53.3394461556
            ],
            [
              -6.2894658031,
              53.3394507488
            ],
            [
              -6.2894662926,
              53.3394539912
            ],
            [
              -6.2894678487,
              53.3394646183
            ]
          ]
        ],
        "type": "Polygon"
      },
      "properties": {
        "address": "1-4 Brandon Terrace, Dublin 8",
        "date_registered": "2017-07-28",
        "folio_reference": "Unregistered",
        "linked_planning_ref_count": 6,
        "owner_address": "St. James's Hospital, Dublin 8",
        "ownership": "Bord Oispideal Naoimh Sheamus (St. James's Hospital)",
        "planning_applications": [
          {
            "app_type": "Permission",
            "applicant": "Board of Management, Canal Way Educate T",
            "council_confirmed": true,
            "decision": "GRANT PERMISSION",
            "decision_date": "2019-12-16",
            "outcome": "Granted",
            "overlap_pct": 0.2,
            "plan_ref": "3843/19",
            "planning_portal_url": "https://webapps.dublincity.ie/PublicAccess_Live/SearchResult/RunThirdPartySearch?FileSystemId=PL&Folder1_Ref=3843%2F19",
            "proposal": "The development will consist of:  1) the demolitio",
            "register_number": "VS-0043",
            "registration_date": "2019-11-22"
          },
          {
            "app_type": "Permission",
            "applicant": "The Board of St. James's Hospital",
            "council_confirmed": true,
            "decision": "WITHDRAWN ARTICLE 33 (NO",
            "decision_date": "2019-01-03",
            "outcome": "Other",
            "overlap_pct": 88.1,
            "plan_ref": "4170/17",
            "planning_portal_url": "https://webapps.dublincity.ie/PublicAccess_Live/SearchResult/RunThirdPartySearch?FileSystemId=PL&Folder1_Ref=4170%2F17",
            "proposal": "The Development will consist of the demolition & r",
            "register_number": "VS-0043",
            "registration_date": "2017-11-01"
          },
          {
            "app_type": "Permission",
            "applicant": "W. and D. Hooton",
            "council_confirmed": true,
            "decision": "GRANT PERMISSION",
            "decision_date": "2005-11-10",
            "outcome": "Granted",
            "overlap_pct": 84.6,
            "plan_ref": "4816/05",
            "planning_portal_url": "https://webapps.dublincity.ie/PublicAccess_Live/SearchResult/RunThirdPartySearch?FileSystemId=PL&Folder1_Ref=4816%2F05",
            "proposal": "Refurbishment of existing dilapidated dwelling to",
            "register_number": "VS-0043",
            "registration_date": "2005-09-16"
          },
          {
            "app_type": "Permission",
            "applicant": "W & D Hooton.",
            "council_confirmed": true,
            "decision": "APPLICATION DECLARED INVA",
            "decision_date": "2005-08-02",
            "outcome": "Granted",
            "overlap_pct": 84.6,
            "plan_ref": "3428/05",
            "planning_portal_url": "https://webapps.dublincity.ie/PublicAccess_Live/SearchResult/RunThirdPartySearch?FileSystemId=PL&Folder1_Ref=3428%2F05",
            "proposal": "refurbishment  of existing dilapidated dwelling to",
            "register_number": "VS-0043",
            "registration_date": "2005-06-20"
          },
          {
            "app_type": "Permission",
            "applicant": "W. & D. Hooton",
            "council_confirmed": true,
            "decision": "APPLICATION DECLARED INVA",
            "decision_date": "2005-06-07",
            "outcome": "Granted",
            "overlap_pct": 84.6,
            "plan_ref": "2998/05",
            "planning_portal_url": "https://webapps.dublincity.ie/PublicAccess_Live/SearchResult/RunThirdPartySearch?FileSystemId=PL&Folder1_Ref=2998%2F05",
            "proposal": "refurbishment of existing dilapidated dwelling to",
            "register_number": "VS-0043",
            "registration_date": "2005-05-24"
          },
          {
            "app_type": "Permission",
            "applicant": "Linfort Limited",
            "council_confirmed": true,
            "decision": "GRANT PERMISSION",
            "decision_date": "2001-05-30",
            "outcome": "Granted",
            "overlap_pct": 87.8,
            "plan_ref": "0547/01",
            "planning_portal_url": "https://webapps.dublincity.ie/PublicAccess_Live/SearchResult/RunThirdPartySearch?FileSystemId=PL&Folder1_Ref=0547%2F01",
            "proposal": "Demolition of existing dwelling and reconstruction",
            "register_number": "VS-0043",
            "registration_date": "2001-04-03"
          }
        ],
        "priority_code": 1,
        "register_number": "VS-0043",
        "register_status": "Vacant - Suitable",
        "valuation": 630000,
        "valuation_date": "2020-08-27"
      },
      "type": "Feature"
    },
    {
      "geometry": {
        "coordinates": [
          [
            [
              -6.2755493778,
              53.3651969412
            ],
            [
              -6.2755453345,
              53.3651958043
            ],
            [
              -6.2755416927,
              53.3652000655
            ],
            [
              -6.2755392272,
              53.3652028158
            ],
            [
              -6.2755370166,
              53.3652053901
            ],
            [
              -6.2755327292,
              53.3652041599
            ],
            [
              -6.2755253711,
              53.3652022561
            ],
            [
              -6.2754630821,
              53.3651858982
            ],
            [
              -6.2753297874,
              53.3651511691
            ],
            [
              -6.2752217508,
              53.3651230957
            ],
            [
              -6.2749777212,
              53.3650596247
            ],
            [
              -6.2748246989,
              53.3650193973
            ],
            [
              -6.2747902471,
              53.3650102716
            ],
            [
              -6.2747830129,
              53.3650083696
            ],
            [
              -6.2744703145,
              53.364927009
            ],
            [
              -6.2742743581,
              53.3648760047
            ],
            [
              -6.2741262256,
              53.3648374648
            ],
            [
              -6.2738699492,
              53.3647704891
            ],
            [
              -6.2736964578,
              53.3647247516
            ],
            [
              -6.273556074,
              53.3646876711
            ],
            [
              -6.2734751512,
              53.3646663693
            ],
            [
              -6.2734709841,
              53.3646652306
            ],
            [
              -6.2734973693,
              53.3646286754
            ],
            [
              -6.2735943811,
              53.3645003056
            ],
            [
              -6.2736300818,
              53.3644509438
            ],
            [
              -6.2732943319,
              53.3643575634
            ],
            [
              -6.2727190568,
              53.36423663
            ],
            [
              -6.2724209452,
              53.3641594294
            ],
            [
              -6.2724171461,
              53.3641583858
            ],
            [
              -6.2724078153,
              53.364168496
            ],
            [
              -6.2724006515,
              53.3641771097
            ],
            [
              -6.2723869339,
              53.3641731366
            ],
            [
              -6.2722550547,
              53.3641403117
            ],
            [
              -6.2722333419,
              53.3641348747
            ],
            [
              -6.2722094185,
              53.3641320119
            ],
            [
              -6.2721075974,
              53.3641096876
            ],
            [
              -6.2721362655,
              53.3640534842
            ],
            [
              -6.2722066487,
              53.3640718483
            ],
            [
              -6.2722968246,
              53.3640879826
            ],
            [
              -6.2723847895,
              53.3641036354
            ],
            [
              -6.2724996871,
              53.364127407
            ],
            [
              -6.2725655536,
              53.3641410322
            ],
            [
              -6.2726794606,
              53.3641647893
            ],
            [
              -6.2728381118,
              53.364197462
            ],
            [
              -6.2729834937,
              53.3642273361
            ],
            [
              -6.2731651294,
              53.3642646548
            ],
            [
              -6.2732070361,
              53.3642732597
            ],
            [
              -6.273272954,
              53.3642856271
            ],
            [
              -6.2733408424,
              53.3642982926
            ],
            [
              -6.2734238582,
              53.3643137832
            ],
            [
              -6.2736730259,
              53.3643603462
            ],
            [
              -6.2737209506,
              53.3643733518
            ],
            [
              -6.2737216828,
              53.364373632
            ],
            [
              -6.2737762765,
              53.3643841278
            ],
            [
              -6.2738952914,
              53.3644072386
            ],
            [
              -6.2741540034,
              53.364453759
            ],
            [
              -6.2744460558,
              53.364506243
            ],
            [
              -6.2746288553,
              53.3645393523
            ],
            [
              -6.2747926559,
              53.3645703892
            ],
            [
              -6.275001708,
              53.3646100786
            ],
            [
              -6.2751659973,
              53.3646413018
            ],
            [
              -6.2751646074,
              53.3646511675
            ],
            [
              -6.2751362712,
              53.3646869758
            ],
            [
              -6.2752367158,
              53.3647158382
            ],
            [
              -6.275265194,
              53.3646795825
            ],
            [
              -6.2752653215,
              53.3646794945
            ],
            [
              -6.2752529476,
              53.3646759904
            ],
            [
              -6.2752622525,
              53.3646665088
            ],
            [
              -6.2753346429,
              53.3646935276
            ],
            [
              -6.2753966554,
              53.3647167118
            ],
            [
              -6.2754584131,
              53.364740072
            ],
            [
              -6.2755179707,
              53.3647626814
            ],
            [
              -6.2755294306,
              53.3647673405
            ],
            [
              -6.2755590648,
              53.3647852935
            ],
            [
              -6.2755726087,
              53.3647935776
            ],
            [
              -6.2755880072,
              53.364805034
            ],
            [
              -6.2756085419,
              53.3648181822
            ],
            [
              -6.2756328214,
              53.3648337212
            ],
            [
              -6.2756661715,
              53.3648547835
            ],
            [
              -6.2757034453,
              53.3648799467
            ],
            [
              -6.2757270543,
              53.3648936785
            ],
            [
              -6.2757461972,
              53.36490447
            ],
            [
              -6.2757737553,
              53.364921674
            ],
            [
              -6.2758349114,
              53.3649599438
            ],
            [
              -6.2758990947,
              53.3649999649
            ],
            [
              -6.2758498692,
              53.3650559621
            ],
            [
              -6.2758118091,
              53.365099359
            ],
            [
              -6.2757187871,
              53.3650738397
            ],
            [
              -6.275648069,
              53.3650544843
            ],
            [
              -6.2756035941,
              53.3651186384
            ],
            [
              -6.2755706995,
              53.3651660642
            ],
            [
              -6.2755493778,
              53.3651969412
            ]
          ]
        ],
        "type": "Polygon"
      },
      "properties": {
        "address": "113 Phibsborough Road, Dublin 7",
        "date_registered": "2017-11-28",
        "folio_reference": "Unregistered",
        "linked_planning_ref_count": 13,
        "owner_address": "24-26 City Quay, Dublin 2",
        "ownership": "Bindford Limited",
        "planning_applications": [
          {
            "app_type": "Large Residential Development-3",
            "applicant": "Bindford Limited",
            "council_confirmed": true,
            "decision": "GRANT PERMISSION",
            "decision_date": "2023-07-27",
            "outcome": "Granted",
            "overlap_pct": 96.3,
            "plan_ref": "LRD6025/23-S3",
            "planning_portal_url": "https://webapps.dublincity.ie/PublicAccess_Live/SearchResult/RunThirdPartySearch?FileSystemId=PL&Folder1_Ref=LRD6025%2F23-S3",
            "proposal": "Planning permission for a Large-Scale Residential",
            "register_number": "VS-0048",
            "registration_date": "2023-06-02"
          },
          {
            "app_type": "LAW",
            "applicant": "Dublin City Council, Environment and Tra",
            "council_confirmed": true,
            "decision": null,
            "decision_date": null,
            "outcome": "Undecided",
            "overlap_pct": 0.0,
            "plan_ref": "3513/21",
            "planning_portal_url": "https://webapps.dublincity.ie/PublicAccess_Live/SearchResult/RunThirdPartySearch?FileSystemId=PL&Folder1_Ref=3513%2F21",
            "proposal": "LAW: Planning and Development Act 2000 (as amended",
            "register_number": "VS-0048",
            "registration_date": "2021-09-16"
          },
          {
            "app_type": "Permission",
            "applicant": "Bondford Developments Ltd",
            "council_confirmed": true,
            "decision": "GRANT PERMISSION",
            "decision_date": "2014-05-15",
            "outcome": "Granted",
            "overlap_pct": 95.5,
            "plan_ref": "2402/14",
            "planning_portal_url": "https://webapps.dublincity.ie/PublicAccess_Live/SearchResult/RunThirdPartySearch?FileSystemId=PL&Folder1_Ref=2402%2F14",
            "proposal": "Demolition of existing buildings on site & other w",
            "register_number": "VS-0048",
            "registration_date": "2014-03-21"
          },
          {
            "app_type": "Permission",
            "applicant": "Binford Developments Ltd",
            "council_confirmed": true,
            "decision": "APPLICATION DECLARED INVA",
            "decision_date": "2014-03-13",
            "outcome": "Granted",
            "overlap_pct": 95.5,
            "plan_ref": "2300/14",
            "planning_portal_url": "https://webapps.dublincity.ie/PublicAccess_Live/SearchResult/RunThirdPartySearch?FileSystemId=PL&Folder1_Ref=2300%2F14",
            "proposal": "Demolition of existing buildings on site & other w",
            "register_number": "VS-0048",
            "registration_date": "2014-02-28"
          },
          {
            "app_type": "Permission",
            "applicant": "Bindford Developments Ltd",
            "council_confirmed": true,
            "decision": "APPLICATION DECLARED INVA",
            "decision_date": "2013-10-23",
            "outcome": "Granted",
            "overlap_pct": 96.1,
            "plan_ref": "3209/13",
            "planning_portal_url": "https://webapps.dublincity.ie/PublicAccess_Live/SearchResult/RunThirdPartySearch?FileSystemId=PL&Folder1_Ref=3209%2F13",
            "proposal": "Construction of residential development with some",
            "register_number": "VS-0048",
            "registration_date": "2013-09-06"
          },
          {
            "app_type": "Permission",
            "applicant": "Stateford Limited",
            "council_confirmed": true,
            "decision": "GRANT PERMISSION",
            "decision_date": "2008-09-09",
            "outcome": "Granted",
            "overlap_pct": 95.5,
            "plan_ref": "6818/07",
            "planning_portal_url": "https://webapps.dublincity.ie/PublicAccess_Live/SearchResult/RunThirdPartySearch?FileSystemId=PL&Folder1_Ref=6818%2F07",
            "proposal": "Demolition of existing buildings on site & constru",
            "register_number": "VS-0048",
            "registration_date": "2008-08-13"
          },
          {
            "app_type": "Permission",
            "applicant": "Stateford Limited",
            "council_confirmed": true,
            "decision": "REFUSE PERMISSION",
            "decision_date": "2007-08-08",
            "outcome": "Refused",
            "overlap_pct": 95.5,
            "plan_ref": "1745/07",
            "planning_portal_url": "https://webapps.dublincity.ie/PublicAccess_Live/SearchResult/RunThirdPartySearch?FileSystemId=PL&Folder1_Ref=1745%2F07",
            "proposal": "Development of a mixed use scheme on a site of 0.7",
            "register_number": "VS-0048",
            "registration_date": "2007-07-12"
          },
          {
            "app_type": "Permission",
            "applicant": "Christopher Campbell",
            "council_confirmed": true,
            "decision": "GRANT PERMISSION",
            "decision_date": "2007-07-05",
            "outcome": "Granted",
            "overlap_pct": 8.6,
            "plan_ref": "3104/07",
            "planning_portal_url": "https://webapps.dublincity.ie/PublicAccess_Live/SearchResult/RunThirdPartySearch?FileSystemId=PL&Folder1_Ref=3104%2F07",
            "proposal": "2nd Storey extension over existing kitchen.",
            "register_number": "VS-0048",
            "registration_date": "2007-05-11"
          },
          {
            "app_type": "Permission",
            "applicant": "Christopher Campbell",
            "council_confirmed": true,
            "decision": "SPLIT DECISION(PERMISSION",
            "decision_date": "2007-04-25",
            "outcome": "Granted",
            "overlap_pct": 8.6,
            "plan_ref": "1975/07",
            "planning_portal_url": "https://webapps.dublincity.ie/PublicAccess_Live/SearchResult/RunThirdPartySearch?FileSystemId=PL&Folder1_Ref=1975%2F07",
            "proposal": "proposed extension at the rear will consist of a s",
            "register_number": "VS-0048",
            "registration_date": "2007-03-06"
          },
          {
            "app_type": "Permission",
            "applicant": "Stateford Limited",
            "council_confirmed": true,
            "decision": "REFUSE PERMISSION",
            "decision_date": "2006-09-07",
            "outcome": "Refused",
            "overlap_pct": 95.5,
            "plan_ref": "4033/06",
            "planning_portal_url": "https://webapps.dublincity.ie/PublicAccess_Live/SearchResult/RunThirdPartySearch?FileSystemId=PL&Folder1_Ref=4033%2F06",
            "proposal": "Permission for development of a mixed use scheme",
            "register_number": "VS-0048",
            "registration_date": "2006-07-14"
          },
          {
            "app_type": "Permission",
            "applicant": "Chris Campbell",
            "council_confirmed": true,
            "decision": "GRANT PERMISSION",
            "decision_date": "2002-06-13",
            "outcome": "Granted",
            "overlap_pct": 8.6,
            "plan_ref": "1193/02",
            "planning_portal_url": "https://webapps.dublincity.ie/PublicAccess_Live/SearchResult/RunThirdPartySearch?FileSystemId=PL&Folder1_Ref=1193%2F02",
            "proposal": "erection of a two storey three bedroomed dwelling",
            "register_number": "VS-0048",
            "registration_date": "2002-04-29"
          },
          {
            "app_type": "Permission",
            "applicant": "Mr Paul Flanigan,",
            "council_confirmed": true,
            "decision": "REFUSE PERMISSION",
            "decision_date": "2000-05-16",
            "outcome": "Refused",
            "overlap_pct": 10.3,
            "plan_ref": "0900/00",
            "planning_portal_url": "https://webapps.dublincity.ie/PublicAccess_Live/SearchResult/RunThirdPartySearch?FileSystemId=PL&Folder1_Ref=0900%2F00",
            "proposal": "Change of use from a store and dwelling to a three",
            "register_number": "VS-0048",
            "registration_date": "2000-03-30"
          },
          {
            "app_type": "Permission",
            "applicant": "Cross Guns Bakery Ltd,",
            "council_confirmed": true,
            "decision": "GRANT PERMISSION",
            "decision_date": "1999-03-12",
            "outcome": "Granted",
            "overlap_pct": 92.4,
            "plan_ref": "2593/98",
            "planning_portal_url": "https://webapps.dublincity.ie/PublicAccess_Live/SearchResult/RunThirdPartySearch?FileSystemId=PL&Folder1_Ref=2593%2F98",
            "proposal": "Demolition of existing silos and workshops and con",
            "register_number": "VS-0048",
            "registration_date": "1999-01-18"
          }
        ],
        "priority_code": 1,
        "register_number": "VS-0048",
        "register_status": "Vacant - Suitable",
        "valuation": 7200000,
        "valuation_date": "2021-04-01"
      },
      "type": "Feature"
    },
    {
      "geometry": {
        "coordinates": [
          [
            [
              -6.2792567125,
              53.3596380314
            ],
            [
              -6.2796251327,
              53.3595349594
            ],
            [
              -6.27963232,
              53.3595410844
            ],
            [
              -6.2797037028,
              53.3596360284
            ],
            [
              -6.2797187677,
              53.3596557476
            ],
            [
              -6.2797373702,
              53.3596799213
            ],
            [
              -6.2798013385,
              53.3597620867
            ],
            [
              -6.2798244295,
              53.3597917174
            ],
            [
              -6.2798843906,
              53.3598687921
            ],
            [
              -6.279943288,
              53.3599445933
            ],
            [
              -6.2800030127,
              53.360021395
            ],
            [
              -6.2800086707,
              53.3600285763
            ],
            [
              -6.2796929424,
              53.360112278
            ],
            [
              -6.2796752255,
              53.3601184034
            ],
            [
              -6.279672061,
              53.3601200654
            ],
            [
              -6.279668252,
              53.3601223471
            ],
            [
              -6.2796646798,
              53.3601249018
            ],
            [
              -6.2796614791,
              53.3601274619
            ],
            [
              -6.279658639,
              53.3601302969
            ],
            [
              -6.2796560467,
              53.3601331354
            ],
            [
              -6.2796538185,
              53.3601361588
            ],
            [
              -6.2796520857,
              53.3601391895
            ],
            [
              -6.279651001,
              53.3601415105
            ],
            [
              -6.2796498873,
              53.36014455
            ],
            [
              -6.2796492653,
              53.3601476865
            ],
            [
              -6.2796490149,
              53.3601508284
            ],
            [
              -6.2796491395,
              53.3601538858
            ],
            [
              -6.2796497558,
              53.3601570401
            ],
            [
              -6.2796507473,
              53.36016011
            ],
            [
              -6.27965199,
              53.3601630937
            ],
            [
              -6.2796655068,
              53.3601812627
            ],
            [
              -6.2796924918,
              53.3602403373
            ],
            [
              -6.2796950114,
              53.3603069679
            ],
            [
              -6.2796973542,
              53.3603656872
            ],
            [
              -6.2796995803,
              53.3604242251
            ],
            [
              -6.2797023219,
              53.3604761201
            ],
            [
              -6.2797080371,
              53.3605895295
            ],
            [
              -6.2794897976,
              53.36055376
            ],
            [
              -6.2794673029,
              53.3605493016
            ],
            [
              -6.2794385146,
              53.3605442132
            ],
            [
              -6.2794431322,
              53.3604572849
            ],
            [
              -6.279428502,
              53.3604575233
            ],
            [
              -6.2794312068,
              53.3602827638
            ],
            [
              -6.2794327896,
              53.3601635281
            ],
            [
              -6.2793831462,
              53.359913421
            ],
            [
              -6.2793634886,
              53.3598078091
            ],
            [
              -6.2793601956,
              53.3597911355
            ],
            [
              -6.2793562827,
              53.3597713974
            ],
            [
              -6.2793494428,
              53.3597566498
            ],
            [
              -6.2793297369,
              53.3597321905
            ],
            [
              -6.2792567125,
              53.3596380314
            ]
          ]
        ],
        "type": "Polygon"
      },
      "properties": {
        "address": "297 North Circular Road, Dublin 7",
        "date_registered": "2017-07-28",
        "folio_reference": "DN98928F",
        "linked_planning_ref_count": 7,
        "owner_address": "Building 1 Swift Square, Northwood Park, Northwood, Dublin 9, D09 A0E4",
        "ownership": "Lilacstone Limited",
        "planning_applications": [
          {
            "app_type": "Permission                              ",
            "applicant": "Ed Eustace Fiona McDermott",
            "council_confirmed": true,
            "decision": "GRANT PERMISSION         ",
            "decision_date": "2025-04-24",
            "outcome": "Granted",
            "overlap_pct": 4.3,
            "plan_ref": "WEB1401/25",
            "planning_portal_url": "https://webapps.dublincity.ie/PublicAccess_Live/SearchResult/RunThirdPartySearch?FileSystemId=PL&Folder1_Ref=WEB1401%2F25",
            "proposal": "Planning permission to demolish the existing ground floor extension to front and",
            "register_number": "VS-0055",
            "registration_date": "2025-02-28"
          },
          {
            "app_type": "Permission",
            "applicant": "Sarah Jolley and Seamus keller",
            "council_confirmed": true,
            "decision": "GRANT PERMISSION",
            "decision_date": "2024-12-13",
            "outcome": "Granted",
            "overlap_pct": 4.6,
            "plan_ref": "WEB2336/24",
            "planning_portal_url": "https://webapps.dublincity.ie/PublicAccess_Live/SearchResult/RunThirdPartySearch?FileSystemId=PL&Folder1_Ref=WEB2336%2F24",
            "proposal": "PLANNING PERMISSION to extend and alter a property",
            "register_number": "VS-0055",
            "registration_date": "2024-10-21"
          },
          {
            "app_type": "Permission",
            "applicant": "Gary and Emma Fitzgerald",
            "council_confirmed": true,
            "decision": "GRANT PERMISSION",
            "decision_date": "2024-02-12",
            "outcome": "Granted",
            "overlap_pct": 6.1,
            "plan_ref": "4966/23",
            "planning_portal_url": "https://webapps.dublincity.ie/PublicAccess_Live/SearchResult/RunThirdPartySearch?FileSystemId=PL&Folder1_Ref=4966%2F23",
            "proposal": "For conversion of existing attic space comprising",
            "register_number": "VS-0055",
            "registration_date": "2023-12-14"
          },
          {
            "app_type": "Permission",
            "applicant": "Cormac Nevin and Sarah Grace",
            "council_confirmed": true,
            "decision": "GRANT PERMISSION",
            "decision_date": "2023-08-31",
            "outcome": "Granted",
            "overlap_pct": 6.4,
            "plan_ref": "4098/23",
            "planning_portal_url": "https://webapps.dublincity.ie/PublicAccess_Live/SearchResult/RunThirdPartySearch?FileSystemId=PL&Folder1_Ref=4098%2F23",
            "proposal": "The development will consist of \r\n(a) the demoliti",
            "register_number": "VS-0055",
            "registration_date": "2023-07-07"
          },
          {
            "app_type": "Permission                              ",
            "applicant": "Lilacstone Limited",
            "council_confirmed": true,
            "decision": "REFUSE PERMISSION        ",
            "decision_date": "2020-01-24",
            "outcome": "Refused",
            "overlap_pct": 92.0,
            "plan_ref": "4515/19",
            "planning_portal_url": "https://webapps.dublincity.ie/PublicAccess_Live/SearchResult/RunThirdPartySearch?FileSystemId=PL&Folder1_Ref=4515%2F19",
            "proposal": "PROTECTED STRUCTURE: The development will principally consist of: the conversion",
            "register_number": "VS-0055",
            "registration_date": "2019-11-22"
          },
          {
            "app_type": "Permission",
            "applicant": "Independent Trustee Company Ltd",
            "council_confirmed": true,
            "decision": "GRANT PERMISSION",
            "decision_date": "2016-09-12",
            "outcome": "Granted",
            "overlap_pct": 92.0,
            "plan_ref": "4313/15",
            "planning_portal_url": "https://webapps.dublincity.ie/PublicAccess_Live/SearchResult/RunThirdPartySearch?FileSystemId=PL&Folder1_Ref=4313%2F15",
            "proposal": "PROTECTED STRUCTURE: Permission for 12 no. dwellin",
            "register_number": "VS-0055",
            "registration_date": "2016-08-16"
          },
          {
            "app_type": "Permission",
            "applicant": "Independent Trustee Company Ltd",
            "council_confirmed": true,
            "decision": "APPLICATION DECLARED INVA",
            "decision_date": "2015-10-09",
            "outcome": "Granted",
            "overlap_pct": 92.0,
            "plan_ref": "3721/15",
            "planning_portal_url": "https://webapps.dublincity.ie/PublicAccess_Live/SearchResult/RunThirdPartySearch?FileSystemId=PL&Folder1_Ref=3721%2F15",
            "proposal": "PROTECTED STRUCTURE:Construct 7 new houses,extensi",
            "register_number": "VS-0055",
            "registration_date": "2015-09-29"
          }
        ],
        "priority_code": 1,
        "register_number": "VS-0055",
        "register_status": "Vacant - Suitable",
        "valuation": 1400000,
        "valuation_date": "2021-04-01"
      },
      "type": "Feature"
    },
    {
      "geometry": {
        "coordinates": [
          [
            [
              -6.2806323552,
              53.3399813554
            ],
            [
              -6.2806254068,
              53.3399724479
            ],
            [
              -6.2806184069,
              53.3399740546
            ],
            [
              -6.280518152,
              53.3398371741
            ],
            [
              -6.280843262,
              53.3397412039
            ],
            [
              -6.2808663358,
              53.3397340771
            ],
            [
              -6.2810000191,
              53.3396987968
            ],
            [
              -6.2810278034,
              53.3396915581
            ],
            [
              -6.2810503351,
              53.3396855918
            ],
            [
              -6.2810223914,
              53.3396475332
            ],
            [
              -6.2810176339,
              53.3396488127
            ],
            [
              -6.2810094848,
              53.3396420448
            ],
            [
              -6.2810353944,
              53.3396352285
            ],
            [
              -6.2810684384,
              53.3396265378
            ],
            [
              -6.281104864,
              53.3396169072
            ],
            [
              -6.2811246401,
              53.33961171
            ],
            [
              -6.2812578206,
              53.3395766019
            ],
            [
              -6.2812648711,
              53.33958605
            ],
            [
              -6.2813854602,
              53.3397500942
            ],
            [
              -6.2813039748,
              53.3397715679
            ],
            [
              -6.2813679697,
              53.3398585862
            ],
            [
              -6.2812886316,
              53.3398790123
            ],
            [
              -6.2812174986,
              53.3397816458
            ],
            [
              -6.2810645196,
              53.3398224899
            ],
            [
              -6.2809797689,
              53.3398450846
            ],
            [
              -6.2810107528,
              53.339884535
            ],
            [
              -6.2809107248,
              53.3399113132
            ],
            [
              -6.2808279027,
              53.3399321382
            ],
            [
              -6.2806323552,
              53.3399813554
            ]
          ]
        ],
        "type": "Polygon"
      },
      "properties": {
        "address": "Site bounded by 62 Pimlico, 5 St. Margaret's Avenue and 8 St. John's Avenue",
        "date_registered": "2019-08-20",
        "folio_reference": "DN9053",
        "linked_planning_ref_count": 13,
        "owner_address": "53-54 Mount Street Upper, Dublin 2",
        "ownership": "The Housing and Communities Agency",
        "planning_applications": [
          {
            "app_type": "Permission                              ",
            "applicant": "Focus Housing Association CLG",
            "council_confirmed": true,
            "decision": "GRANT PERMISSION         ",
            "decision_date": "2025-11-06",
            "outcome": "Granted",
            "overlap_pct": 95.5,
            "plan_ref": "WEB5136/25",
            "planning_portal_url": "https://webapps.dublincity.ie/PublicAccess_Live/SearchResult/RunThirdPartySearch?FileSystemId=PL&Folder1_Ref=WEB5136%2F25",
            "proposal": "Permission is sought by Focus Housing Association CLG for development at Nos. 2",
            "register_number": "VS-0080",
            "registration_date": "2025-09-12"
          },
          {
            "app_type": "Permission                              ",
            "applicant": "Focus Housing Association CLG",
            "council_confirmed": true,
            "decision": "APPLICATION DECLARED INVA",
            "decision_date": "2025-09-04",
            "outcome": "Granted",
            "overlap_pct": 95.5,
            "plan_ref": "WEB5031/25",
            "planning_portal_url": "https://webapps.dublincity.ie/PublicAccess_Live/SearchResult/RunThirdPartySearch?FileSystemId=PL&Folder1_Ref=WEB5031%2F25",
            "proposal": "Permission is sought by Focus Housing Association CLG for development at Nos. 2",
            "register_number": "VS-0080",
            "registration_date": "2025-09-03"
          },
          {
            "app_type": "Permission                              ",
            "applicant": "Focus Housing Association CLG",
            "council_confirmed": true,
            "decision": "APPLICATION DECLARED INVA",
            "decision_date": "2025-09-02",
            "outcome": "Granted",
            "overlap_pct": 95.5,
            "plan_ref": "WEB2969/25",
            "planning_portal_url": "https://webapps.dublincity.ie/PublicAccess_Live/SearchResult/RunThirdPartySearch?FileSystemId=PL&Folder1_Ref=WEB2969%2F25",
            "proposal": "Permission is sought by Focus Housing Association CLG for development at Nos. 2",
            "register_number": "VS-0080",
            "registration_date": "2025-08-26"
          },
          {
            "app_type": "Permission",
            "applicant": "Dauken Ltd",
            "council_confirmed": true,
            "decision": "GRANT PERMISSION",
            "decision_date": "2021-03-24",
            "outcome": "Granted",
            "overlap_pct": 95.5,
            "plan_ref": "3548/20",
            "planning_portal_url": "https://webapps.dublincity.ie/PublicAccess_Live/SearchResult/RunThirdPartySearch?FileSystemId=PL&Folder1_Ref=3548%2F20",
            "proposal": "Planning permission for development on a site of 1",
            "register_number": "VS-0080",
            "registration_date": "2021-02-25"
          },
          {
            "app_type": "Permission",
            "applicant": "Dauken Ltd",
            "council_confirmed": true,
            "decision": "REFUSE PERMISSION",
            "decision_date": "2020-02-21",
            "outcome": "Refused",
            "overlap_pct": 95.5,
            "plan_ref": "4795/19",
            "planning_portal_url": "https://webapps.dublincity.ie/PublicAccess_Live/SearchResult/RunThirdPartySearch?FileSystemId=PL&Folder1_Ref=4795%2F19",
            "proposal": "Planning permission for a residential & ESB sub-st",
            "register_number": "VS-0080",
            "registration_date": "2019-12-20"
          },
          {
            "app_type": "Permission",
            "applicant": "Dauken Ltd.",
            "council_confirmed": true,
            "decision": "APPLICATION DECLARED INVA",
            "decision_date": "2019-06-12",
            "outcome": "Granted",
            "overlap_pct": 95.5,
            "plan_ref": "3144/19",
            "planning_portal_url": "https://webapps.dublincity.ie/PublicAccess_Live/SearchResult/RunThirdPartySearch?FileSystemId=PL&Folder1_Ref=3144%2F19",
            "proposal": "Planning permission for a social housing & ESB sub",
            "register_number": "VS-0080",
            "registration_date": "2019-05-29"
          },
          {
            "app_type": "Permission",
            "applicant": "Karl Construction",
            "council_confirmed": true,
            "decision": "APPLICATION WITHDRAWN",
            "decision_date": "2000-08-22",
            "outcome": "Other",
            "overlap_pct": 3.4,
            "plan_ref": "4080/99",
            "planning_portal_url": "https://webapps.dublincity.ie/PublicAccess_Live/SearchResult/RunThirdPartySearch?FileSystemId=PL&Folder1_Ref=4080%2F99",
            "proposal": "Single storey community centre.",
            "register_number": "VS-0080",
            "registration_date": "2000-02-23"
          },
          {
            "app_type": "Permission",
            "applicant": "Karl Construction Ltd.,",
            "council_confirmed": true,
            "decision": "REFUSE PERMISSION",
            "decision_date": "1999-11-22",
            "outcome": "Refused",
            "overlap_pct": 92.6,
            "plan_ref": "2495/99",
            "planning_portal_url": "https://webapps.dublincity.ie/PublicAccess_Live/SearchResult/RunThirdPartySearch?FileSystemId=PL&Folder1_Ref=2495%2F99",
            "proposal": "Residential development of 44 apartments, comprisi",
            "register_number": "VS-0080",
            "registration_date": "1999-09-01"
          },
          {
            "app_type": "Permission",
            "applicant": "Alan Keogh,",
            "council_confirmed": true,
            "decision": "GRANT PERMISSION",
            "decision_date": "1999-09-08",
            "outcome": "Granted",
            "overlap_pct": 5.7,
            "plan_ref": "3309/98",
            "planning_portal_url": "https://webapps.dublincity.ie/PublicAccess_Live/SearchResult/RunThirdPartySearch?FileSystemId=PL&Folder1_Ref=3309%2F98",
            "proposal": "Extension to licenced premises, with storage at ba",
            "register_number": "VS-0080",
            "registration_date": "1999-07-12"
          },
          {
            "app_type": "Permission                              ",
            "applicant": "Karl Construction Ltd.,",
            "council_confirmed": true,
            "decision": "ADDITIONAL INFORMATION   ",
            "decision_date": "1999-06-02",
            "outcome": "Other",
            "overlap_pct": 95.6,
            "plan_ref": "0491/99",
            "planning_portal_url": "https://webapps.dublincity.ie/PublicAccess_Live/SearchResult/RunThirdPartySearch?FileSystemId=PL&Folder1_Ref=0491%2F99",
            "proposal": "Residential development of 57 apartments i.e. 15 no. 1",
            "register_number": "VS-0080",
            "registration_date": "1999-04-07"
          },
          {
            "app_type": "Permission",
            "applicant": "Alan Keogh.",
            "council_confirmed": true,
            "decision": "GRANT PERMISSION",
            "decision_date": "1998-03-26",
            "outcome": "Granted",
            "overlap_pct": 87.0,
            "plan_ref": "0205/98",
            "planning_portal_url": "https://webapps.dublincity.ie/PublicAccess_Live/SearchResult/RunThirdPartySearch?FileSystemId=PL&Folder1_Ref=0205%2F98",
            "proposal": "Roof garden.",
            "register_number": "VS-0080",
            "registration_date": "1998-01-29"
          },
          {
            "app_type": "Permission",
            "applicant": "Mr. A. Keogh,",
            "council_confirmed": true,
            "decision": "GRANT PERMISSION",
            "decision_date": "1997-12-04",
            "outcome": "Granted",
            "overlap_pct": 4.5,
            "plan_ref": "0092/97",
            "planning_portal_url": "https://webapps.dublincity.ie/PublicAccess_Live/SearchResult/RunThirdPartySearch?FileSystemId=PL&Folder1_Ref=0092%2F97",
            "proposal": "Additional floor containing 2 no. apartments to pr",
            "register_number": "VS-0080",
            "registration_date": "1997-10-28"
          },
          {
            "app_type": "Permission",
            "applicant": "Alan Keogh,",
            "council_confirmed": true,
            "decision": "GRANT PERMISSION",
            "decision_date": "1997-08-13",
            "outcome": "Granted",
            "overlap_pct": 12.0,
            "plan_ref": "1609/97",
            "planning_portal_url": "https://webapps.dublincity.ie/PublicAccess_Live/SearchResult/RunThirdPartySearch?FileSystemId=PL&Folder1_Ref=1609%2F97",
            "proposal": "Change of use at ground floor and basement to lice",
            "register_number": "VS-0080",
            "registration_date": "1997-06-26"
          }
        ],
        "priority_code": 1,
        "register_number": "VS-0080",
        "register_status": "Vacant - Suitable",
        "valuation": 1900000,
        "valuation_date": "2022-08-29"
      },
      "type": "Feature"
    },
    {
      "geometry": {
        "coordinates": [
          [
            [
              -6.2551957856,
              53.3587555214
            ],
            [
              -6.2551133553,
              53.3589050299
            ],
            [
              -6.255112372,
              53.3589048358
            ],
            [
              -6.2547361206,
              53.3588374121
            ],
            [
              -6.2545984847,
              53.3588158071
            ],
            [
              -6.2545587206,
              53.3588095635
            ],
            [
              -6.2546087744,
              53.3587216828
            ],
            [
              -6.2546463353,
              53.358727265
            ],
            [
              -6.254736248,
              53.3587463746
            ],
            [
              -6.2547593958,
              53.3587014181
            ],
            [
              -6.2547836223,
              53.3586543205
            ],
            [
              -6.2548323226,
              53.3585601289
            ],
            [
              -6.254844078,
              53.358539271
            ],
            [
              -6.2550860157,
              53.3585886434
            ],
            [
              -6.2552681102,
              53.3586259064
            ],
            [
              -6.2552559945,
              53.3586464895
            ],
            [
              -6.2551957856,
              53.3587555214
            ]
          ]
        ],
        "type": "Polygon"
      },
      "properties": {
        "address": "Corner of Russell Street and North Circular Road",
        "date_registered": "2017-05-10",
        "folio_reference": "94501F",
        "linked_planning_ref_count": 10,
        "owner_address": "Civic Offices, Wood Quay, Dublin 8, D08 RF3F",
        "ownership": "Dublin City Council",
        "planning_applications": [
          {
            "app_type": "Permission",
            "applicant": "James Anderson",
            "council_confirmed": true,
            "decision": "REFUSE PERMISSION",
            "decision_date": "2007-09-03",
            "outcome": "Refused",
            "overlap_pct": 28.2,
            "plan_ref": "4227/07",
            "planning_portal_url": "https://webapps.dublincity.ie/PublicAccess_Live/SearchResult/RunThirdPartySearch?FileSystemId=PL&Folder1_Ref=4227%2F07",
            "proposal": "Increase the size of existing 3 storey extension o",
            "register_number": "VS-0101",
            "registration_date": "2007-07-12"
          },
          {
            "app_type": "Permission",
            "applicant": "Mr. James Anderson",
            "council_confirmed": true,
            "decision": "APPLICATION DECLARED INVA",
            "decision_date": "2007-06-19",
            "outcome": "Granted",
            "overlap_pct": 28.2,
            "plan_ref": "3594/07",
            "planning_portal_url": "https://webapps.dublincity.ie/PublicAccess_Live/SearchResult/RunThirdPartySearch?FileSystemId=PL&Folder1_Ref=3594%2F07",
            "proposal": "To increase the size of existing three storey exte",
            "register_number": "VS-0101",
            "registration_date": "2007-06-11"
          },
          {
            "app_type": "Permission",
            "applicant": "M & J Wallace Ltd",
            "council_confirmed": true,
            "decision": "GRANT PERMISSION",
            "decision_date": "2006-08-16",
            "outcome": "Granted",
            "overlap_pct": 6.2,
            "plan_ref": "3642/06",
            "planning_portal_url": "https://webapps.dublincity.ie/PublicAccess_Live/SearchResult/RunThirdPartySearch?FileSystemId=PL&Folder1_Ref=3642%2F06",
            "proposal": "additional 3 No. 2 bed apartments to approved (ref",
            "register_number": "VS-0101",
            "registration_date": "2006-06-23"
          },
          {
            "app_type": "Permission",
            "applicant": "M & J Wallace LTD",
            "council_confirmed": true,
            "decision": "GRANT PERMISSION",
            "decision_date": "2006-08-11",
            "outcome": "Granted",
            "overlap_pct": 93.8,
            "plan_ref": "3633/06",
            "planning_portal_url": "https://webapps.dublincity.ie/PublicAccess_Live/SearchResult/RunThirdPartySearch?FileSystemId=PL&Folder1_Ref=3633%2F06",
            "proposal": "commercial/residential development, 28 apartments",
            "register_number": "VS-0101",
            "registration_date": "2006-06-23"
          },
          {
            "app_type": "Permission",
            "applicant": "M&U Wallace Ltd",
            "council_confirmed": true,
            "decision": "APPLICATION DECLARED INVA",
            "decision_date": "2006-06-16",
            "outcome": "Granted",
            "overlap_pct": 6.2,
            "plan_ref": "3149/06",
            "planning_portal_url": "https://webapps.dublincity.ie/PublicAccess_Live/SearchResult/RunThirdPartySearch?FileSystemId=PL&Folder1_Ref=3149%2F06",
            "proposal": "Additional 3 no2 bed apartments",
            "register_number": "VS-0101",
            "registration_date": "2006-05-25"
          },
          {
            "app_type": "Permission",
            "applicant": "M + J Wallace Ltd",
            "council_confirmed": true,
            "decision": "APPLICATION DECLARED INVA",
            "decision_date": "2006-06-16",
            "outcome": "Granted",
            "overlap_pct": 93.8,
            "plan_ref": "3132/06",
            "planning_portal_url": "https://webapps.dublincity.ie/PublicAccess_Live/SearchResult/RunThirdPartySearch?FileSystemId=PL&Folder1_Ref=3132%2F06",
            "proposal": "Permission sought for commercial / residential dev",
            "register_number": "VS-0101",
            "registration_date": "2006-05-25"
          },
          {
            "app_type": "Permission",
            "applicant": "M + J Wallace",
            "council_confirmed": true,
            "decision": "APPLICATION DECLARED INVA",
            "decision_date": "2006-05-02",
            "outcome": "Granted",
            "overlap_pct": 6.2,
            "plan_ref": "2454/06",
            "planning_portal_url": "https://webapps.dublincity.ie/PublicAccess_Live/SearchResult/RunThirdPartySearch?FileSystemId=PL&Folder1_Ref=2454%2F06",
            "proposal": "Permission for amendments to approved scheme 5705/",
            "register_number": "VS-0101",
            "registration_date": "2006-04-12"
          },
          {
            "app_type": "Permission",
            "applicant": "M + J Wallace Ltd",
            "council_confirmed": true,
            "decision": "GRANT PERMISSION",
            "decision_date": "2005-02-08",
            "outcome": "Granted",
            "overlap_pct": 6.2,
            "plan_ref": "5705/04",
            "planning_portal_url": "https://webapps.dublincity.ie/PublicAccess_Live/SearchResult/RunThirdPartySearch?FileSystemId=PL&Folder1_Ref=5705%2F04",
            "proposal": "constructionof 5/6 floors over basement including",
            "register_number": "VS-0101",
            "registration_date": "2004-12-06"
          },
          {
            "app_type": "Permission",
            "applicant": "M & J Wallace Ltd",
            "council_confirmed": true,
            "decision": "APPLICATION DECLARED INVA",
            "decision_date": "2004-12-06",
            "outcome": "Granted",
            "overlap_pct": 6.2,
            "plan_ref": "5544/04",
            "planning_portal_url": "https://webapps.dublincity.ie/PublicAccess_Live/SearchResult/RunThirdPartySearch?FileSystemId=PL&Folder1_Ref=5544%2F04",
            "proposal": "Construction of 5/6 floors over basement including",
            "register_number": "VS-0101",
            "registration_date": "2004-11-25"
          },
          {
            "app_type": "LAW",
            "applicant": "Housing Social & Community Services",
            "council_confirmed": true,
            "decision": "APPLICATION WITHDRAWN",
            "decision_date": "2004-04-29",
            "outcome": "Other",
            "overlap_pct": 93.4,
            "plan_ref": "2304/04",
            "planning_portal_url": "https://webapps.dublincity.ie/PublicAccess_Live/SearchResult/RunThirdPartySearch?FileSystemId=PL&Folder1_Ref=2304%2F04",
            "proposal": "22 units in 2 blocks",
            "register_number": "VS-0101",
            "registration_date": "2004-04-08"
          }
        ],
        "priority_code": 1,
        "register_number": "VS-0101",
        "register_status": "Vacant - Suitable",
        "valuation": 1600000,
        "valuation_date": "2020-06-12"
      },
      "type": "Feature"
    },
    {
      "geometry": {
        "coordinates": [
          [
            [
              -6.2391005565,
              53.3597181495
            ],
            [
              -6.2390886867,
              53.3597295678
            ],
            [
              -6.2391048815,
              53.3597364572
            ],
            [
              -6.2389857297,
              53.3598376015
            ],
            [
              -6.238866581,
              53.3599386558
            ],
            [
              -6.2388741858,
              53.3599435312
            ],
            [
              -6.238806118,
              53.3600047175
            ],
            [
              -6.2387380499,
              53.3600659037
            ],
            [
              -6.2386517621,
              53.3601302361
            ],
            [
              -6.2385766361,
              53.3601852968
            ],
            [
              -6.2384947252,
              53.3602396281
            ],
            [
              -6.2384395989,
              53.3602093365
            ],
            [
              -6.2383845927,
              53.3601791365
            ],
            [
              -6.2383872879,
              53.3601738739
            ],
            [
              -6.2383457176,
              53.3601483659
            ],
            [
              -6.2383040235,
              53.360122856
            ],
            [
              -6.2382767064,
              53.360115263
            ],
            [
              -6.2382492655,
              53.3601076681
            ],
            [
              -6.2380089516,
              53.3599681446
            ],
            [
              -6.2377687594,
              53.3598287122
            ],
            [
              -6.2376035157,
              53.3597316372
            ],
            [
              -6.2374382764,
              53.3596344722
            ],
            [
              -6.2376521351,
              53.359460225
            ],
            [
              -6.2376949866,
              53.3594246397
            ],
            [
              -6.2377365145,
              53.3593911019
            ],
            [
              -6.2377577848,
              53.3593740709
            ],
            [
              -6.2377756414,
              53.359358697
            ],
            [
              -6.2378193446,
              53.3593234838
            ],
            [
              -6.2378401011,
              53.3593068945
            ],
            [
              -6.2378592181,
              53.359291
            ],
            [
              -6.2378987386,
              53.3592580616
            ],
            [
              -6.2379170867,
              53.3592427848
            ],
            [
              -6.2379391258,
              53.359225136
            ],
            [
              -6.2379799749,
              53.359193026
            ],
            [
              -6.2380142745,
              53.359208541
            ],
            [
              -6.2380230269,
              53.3592126246
            ],
            [
              -6.2380940546,
              53.3592448587
            ],
            [
              -6.2381662985,
              53.35927765
            ],
            [
              -6.2381802864,
              53.3592839678
            ],
            [
              -6.2382353787,
              53.3593090465
            ],
            [
              -6.2383088959,
              53.3593440133
            ],
            [
              -6.2383787652,
              53.3593773087
            ],
            [
              -6.238446818,
              53.3594095885
            ],
            [
              -6.2384693071,
              53.359420076
            ],
            [
              -6.2384867786,
              53.3594290514
            ],
            [
              -6.238519761,
              53.3594434684
            ],
            [
              -6.2385918595,
              53.3594767964
            ],
            [
              -6.2386622542,
              53.3595093804
            ],
            [
              -6.2387337412,
              53.3595425196
            ],
            [
              -6.2388032841,
              53.3595747314
            ],
            [
              -6.2388757472,
              53.3596082444
            ],
            [
              -6.2389458983,
              53.3596407347
            ],
            [
              -6.2390166704,
              53.3596761999
            ],
            [
              -6.2391005565,
              53.3597181495
            ]
          ]
        ],
        "type": "Polygon"
      },
      "properties": {
        "address": "(Readymix site) 5-23 East Wall Road, D3",
        "date_registered": "2017-03-31",
        "folio_reference": "DN126611L",
        "linked_planning_ref_count": 5,
        "owner_address": "Civic Offices, Wood Quay, Dublin 8, D08 RF3F",
        "ownership": "Dublin City Council",
        "planning_applications": [
          {
            "app_type": "LAW",
            "applicant": "Dublin City Council, Housing and Communi",
            "council_confirmed": true,
            "decision": "City Council - Approved",
            "decision_date": "2022-07-04",
            "outcome": "Other",
            "overlap_pct": 97.3,
            "plan_ref": "3511/22",
            "planning_portal_url": "https://webapps.dublincity.ie/PublicAccess_Live/SearchResult/RunThirdPartySearch?FileSystemId=PL&Folder1_Ref=3511%2F22",
            "proposal": "LAW: Planning and Development Act 2000 (as amended",
            "register_number": "VS-0117",
            "registration_date": "2022-03-14"
          },
          {
            "app_type": "Permission",
            "applicant": "Readymix (ROI) Ltd.",
            "council_confirmed": true,
            "decision": "REFUSE PERMISSION",
            "decision_date": "2005-10-13",
            "outcome": "Refused",
            "overlap_pct": 96.6,
            "plan_ref": "4426/05",
            "planning_portal_url": "https://webapps.dublincity.ie/PublicAccess_Live/SearchResult/RunThirdPartySearch?FileSystemId=PL&Folder1_Ref=4426%2F05",
            "proposal": "demolition of concrete plant & 2 office blocks & c",
            "register_number": "VS-0117",
            "registration_date": "2005-08-22"
          },
          {
            "app_type": "Permission",
            "applicant": "Readymix (ROI) Ltd.",
            "council_confirmed": true,
            "decision": "APPLICATION DECLARED INVA",
            "decision_date": "2005-05-03",
            "outcome": "Granted",
            "overlap_pct": 96.6,
            "plan_ref": "2324/05",
            "planning_portal_url": "https://webapps.dublincity.ie/PublicAccess_Live/SearchResult/RunThirdPartySearch?FileSystemId=PL&Folder1_Ref=2324%2F05",
            "proposal": "demolition of a concrete batching plant and 2 no.",
            "register_number": "VS-0117",
            "registration_date": "2005-04-11"
          },
          {
            "app_type": "Permission",
            "applicant": "Readymix (ROI) Limited",
            "council_confirmed": true,
            "decision": "APPLICATION DECLARED INVA",
            "decision_date": "2005-03-08",
            "outcome": "Granted",
            "overlap_pct": 97.3,
            "plan_ref": "1549/05",
            "planning_portal_url": "https://webapps.dublincity.ie/PublicAccess_Live/SearchResult/RunThirdPartySearch?FileSystemId=PL&Folder1_Ref=1549%2F05",
            "proposal": "130 no apartments units in an arrangement of 6 and",
            "register_number": "VS-0117",
            "registration_date": "2005-02-15"
          },
          {
            "app_type": "Permission",
            "applicant": "Readymix PLC.,",
            "council_confirmed": true,
            "decision": "GRANT PERMISSION",
            "decision_date": "1999-05-27",
            "outcome": "Granted",
            "overlap_pct": 96.6,
            "plan_ref": "0991/99",
            "planning_portal_url": "https://webapps.dublincity.ie/PublicAccess_Live/SearchResult/RunThirdPartySearch?FileSystemId=PL&Folder1_Ref=0991%2F99",
            "proposal": "Replacement of the existing entrance porch at rear",
            "register_number": "VS-0117",
            "registration_date": "1999-04-01"
          }
        ],
        "priority_code": 11,
        "register_number": "VS-0117",
        "register_status": "Vacant - Suitable - DCC",
        "valuation": 10500000,
        "valuation_date": "2021-04-01"
      },
      "type": "Feature"
    },
    {
      "geometry": {
        "coordinates": [
          [
            [
              -6.2510910229,
              53.3572671078
            ],
            [
              -6.2510051995,
              53.3573055729
            ],
            [
              -6.2509193759,
              53.357344038
            ],
            [
              -6.2509154639,
              53.3573457781
            ],
            [
              -6.2508585458,
              53.3573560877
            ],
            [
              -6.2508444229,
              53.3573560605
            ],
            [
              -6.2508478756,
              53.3573110856
            ],
            [
              -6.2508513282,
              53.3572661108
            ],
            [
              -6.2508237314,
              53.3572290388
            ],
            [
              -6.2507753919,
              53.3571902248
            ],
            [
              -6.2507271762,
              53.3571514126
            ],
            [
              -6.2507062141,
              53.35713385
            ],
            [
              -6.2506717926,
              53.3571061144
            ],
            [
              -6.2506448125,
              53.3570842397
            ],
            [
              -6.2506177086,
              53.3570623631
            ],
            [
              -6.2506951759,
              53.3570282693
            ],
            [
              -6.2507510542,
              53.3570040145
            ],
            [
              -6.2507901739,
              53.3569866137
            ],
            [
              -6.2508294137,
              53.3569693046
            ],
            [
              -6.2508395092,
              53.3569769119
            ],
            [
              -6.2508677128,
              53.356999164
            ],
            [
              -6.2508773277,
              53.3570064048
            ],
            [
              -6.2509142648,
              53.3570362442
            ],
            [
              -6.2509473649,
              53.3570629718
            ],
            [
              -6.2509840765,
              53.3570922687
            ],
            [
              -6.2509468582,
              53.3571086189
            ],
            [
              -6.2509097638,
              53.3571249709
            ],
            [
              -6.2509643507,
              53.3571685498
            ],
            [
              -6.2510189342,
              53.3572122184
            ],
            [
              -6.2510549803,
              53.3572396182
            ],
            [
              -6.2510910229,
              53.3572671078
            ]
          ]
        ],
        "type": "Polygon"
      },
      "properties": {
        "address": "23-24 Rutland Place North",
        "date_registered": "2017-03-31",
        "folio_reference": "Unregistered",
        "linked_planning_ref_count": 12,
        "owner_address": "No. 12 Commerce House, 14 Washington Street West, Cork City",
        "ownership": "Cuisle Properties Limited",
        "planning_applications": [
          {
            "app_type": "Permission",
            "applicant": "Cuisle Properties Ltd",
            "council_confirmed": true,
            "decision": "GRANT PERMISSION",
            "decision_date": "2020-08-13",
            "outcome": "Granted",
            "overlap_pct": 89.9,
            "plan_ref": "4741/19",
            "planning_portal_url": "https://webapps.dublincity.ie/PublicAccess_Live/SearchResult/RunThirdPartySearch?FileSystemId=PL&Folder1_Ref=4741%2F19",
            "proposal": "Planning permission for the demolition of a single",
            "register_number": "VS-0118",
            "registration_date": "2020-07-17"
          },
          {
            "app_type": "Permission",
            "applicant": "Cuisle Properties Ltd.",
            "council_confirmed": true,
            "decision": "REFUSE PERMISSION",
            "decision_date": "2019-05-02",
            "outcome": "Refused",
            "overlap_pct": 89.9,
            "plan_ref": "2478/19",
            "planning_portal_url": "https://webapps.dublincity.ie/PublicAccess_Live/SearchResult/RunThirdPartySearch?FileSystemId=PL&Folder1_Ref=2478%2F19",
            "proposal": "The proposed development consists of the demolitio",
            "register_number": "VS-0118",
            "registration_date": "2019-03-12"
          },
          {
            "app_type": "Permission",
            "applicant": "Cuisle Properties Ltd.",
            "council_confirmed": true,
            "decision": "REFUSE PERMISSION",
            "decision_date": "2017-01-13",
            "outcome": "Refused",
            "overlap_pct": 89.9,
            "plan_ref": "4100/16",
            "planning_portal_url": "https://webapps.dublincity.ie/PublicAccess_Live/SearchResult/RunThirdPartySearch?FileSystemId=PL&Folder1_Ref=4100%2F16",
            "proposal": "Residential student accommodation development,",
            "register_number": "VS-0118",
            "registration_date": "2016-11-10"
          },
          {
            "app_type": "Permission",
            "applicant": "Mr. Ned (Edward) Fallon",
            "council_confirmed": true,
            "decision": "GRANT PERMISSION AND RETE",
            "decision_date": "2016-07-07",
            "outcome": "Granted",
            "overlap_pct": 50.5,
            "plan_ref": "2328/16",
            "planning_portal_url": "https://webapps.dublincity.ie/PublicAccess_Live/SearchResult/RunThirdPartySearch?FileSystemId=PL&Folder1_Ref=2328%2F16",
            "proposal": "RETENTION: Permission is sought for a first floor",
            "register_number": "VS-0118",
            "registration_date": "2016-06-14"
          },
          {
            "app_type": "Permission",
            "applicant": "Cuisle Properties Ltd",
            "council_confirmed": true,
            "decision": "REFUSE PERMISSION",
            "decision_date": "2015-02-11",
            "outcome": "Refused",
            "overlap_pct": 89.9,
            "plan_ref": "3855/14",
            "planning_portal_url": "https://webapps.dublincity.ie/PublicAccess_Live/SearchResult/RunThirdPartySearch?FileSystemId=PL&Folder1_Ref=3855%2F14",
            "proposal": "Construction of two and a half storey Apartment/To",
            "register_number": "VS-0118",
            "registration_date": "2014-12-12"
          },
          {
            "app_type": "Permission",
            "applicant": "Cuisle Properties Ltd",
            "council_confirmed": true,
            "decision": "APPLICATION DECLARED INVA",
            "decision_date": "2014-12-01",
            "outcome": "Granted",
            "overlap_pct": 89.9,
            "plan_ref": "3721/14",
            "planning_portal_url": "https://webapps.dublincity.ie/PublicAccess_Live/SearchResult/RunThirdPartySearch?FileSystemId=PL&Folder1_Ref=3721%2F14",
            "proposal": "Construction of two and a half storey Apartment/To",
            "register_number": "VS-0118",
            "registration_date": "2014-11-19"
          },
          {
            "app_type": "Permission",
            "applicant": "Cuisle Properties Ltd",
            "council_confirmed": true,
            "decision": "APPLICATION DECLARED INVA",
            "decision_date": "2014-11-06",
            "outcome": "Granted",
            "overlap_pct": 89.9,
            "plan_ref": "3550/14",
            "planning_portal_url": "https://webapps.dublincity.ie/PublicAccess_Live/SearchResult/RunThirdPartySearch?FileSystemId=PL&Folder1_Ref=3550%2F14",
            "proposal": "Construction of 5 3-bed terraced townhouses & 1 3-",
            "register_number": "VS-0118",
            "registration_date": "2014-10-16"
          },
          {
            "app_type": "Permission",
            "applicant": "Frank Newman and Jim Redmond",
            "council_confirmed": true,
            "decision": "GRANT PERMISSION",
            "decision_date": "2007-10-31",
            "outcome": "Granted",
            "overlap_pct": 89.9,
            "plan_ref": "5356/07",
            "planning_portal_url": "https://webapps.dublincity.ie/PublicAccess_Live/SearchResult/RunThirdPartySearch?FileSystemId=PL&Folder1_Ref=5356%2F07",
            "proposal": "Demolition of shed structure & construction of 6 n",
            "register_number": "VS-0118",
            "registration_date": "2007-09-20"
          },
          {
            "app_type": "Permission",
            "applicant": "Richard O'Hanrahan & Ilona O'Reilly",
            "council_confirmed": true,
            "decision": "GRANT PERMISSION",
            "decision_date": "2007-05-18",
            "outcome": "Granted",
            "overlap_pct": 4.4,
            "plan_ref": "2344/07",
            "planning_portal_url": "https://webapps.dublincity.ie/PublicAccess_Live/SearchResult/RunThirdPartySearch?FileSystemId=PL&Folder1_Ref=2344%2F07",
            "proposal": "Proposed second storey flat roof extension to exis",
            "register_number": "VS-0118",
            "registration_date": "2007-03-26"
          },
          {
            "app_type": "Permission",
            "applicant": "Frank Newman & Jim Redmond",
            "council_confirmed": true,
            "decision": "APPLICATION DECLARED INVA",
            "decision_date": "2006-11-02",
            "outcome": "Granted",
            "overlap_pct": 89.9,
            "plan_ref": "5569/06",
            "planning_portal_url": "https://webapps.dublincity.ie/PublicAccess_Live/SearchResult/RunThirdPartySearch?FileSystemId=PL&Folder1_Ref=5569%2F06",
            "proposal": "Permission for a 2 and 3 storey apartment developm",
            "register_number": "VS-0118",
            "registration_date": "2006-10-16"
          },
          {
            "app_type": "Permission",
            "applicant": "Frank Newman & Jim Redmond",
            "council_confirmed": true,
            "decision": "REFUSE PERMISSION",
            "decision_date": "2006-04-10",
            "outcome": "Refused",
            "overlap_pct": 89.9,
            "plan_ref": "1590/06",
            "planning_portal_url": "https://webapps.dublincity.ie/PublicAccess_Live/SearchResult/RunThirdPartySearch?FileSystemId=PL&Folder1_Ref=1590%2F06",
            "proposal": "Permission is sought for a 4 storey apartment deve",
            "register_number": "VS-0118",
            "registration_date": "2006-02-15"
          },
          {
            "app_type": "Permission",
            "applicant": "Haughton & Son Tyres Ltd.,",
            "council_confirmed": true,
            "decision": "GRANT PERMISSION",
            "decision_date": "2000-06-29",
            "outcome": "Granted",
            "overlap_pct": 89.9,
            "plan_ref": "0471/00",
            "planning_portal_url": "https://webapps.dublincity.ie/PublicAccess_Live/SearchResult/RunThirdPartySearch?FileSystemId=PL&Folder1_Ref=0471%2F00",
            "proposal": "4 no. three bedroom townhouses, and site to rear.",
            "register_number": "VS-0118",
            "registration_date": "2000-05-10"
          }
        ],
        "priority_code": 1,
        "register_number": "VS-0118",
        "register_status": "Vacant - Suitable",
        "valuation": 185000,
        "valuation_date": "2020-04-10"
      },
      "type": "Feature"
    },
    {
      "geometry": {
        "coordinates": [
          [
            [
              -6.2482085058,
              53.3547508494
            ],
            [
              -6.2481028173,
              53.3547723048
            ],
            [
              -6.2480141146,
              53.3547904146
            ],
            [
              -6.2479139216,
              53.3548107821
            ],
            [
              -6.2478230992,
              53.3548292201
            ],
            [
              -6.2477161574,
              53.3548510162
            ],
            [
              -6.2476098457,
              53.3548725518
            ],
            [
              -6.2475065017,
              53.3548942207
            ],
            [
              -6.2474333931,
              53.3549096833
            ],
            [
              -6.2473737815,
              53.3549222884
            ],
            [
              -6.2473209184,
              53.3549334647
            ],
            [
              -6.2472783038,
              53.354942455
            ],
            [
              -6.2472485599,
              53.3549487584
            ],
            [
              -6.2472200688,
              53.3549547208
            ],
            [
              -6.2473500149,
              53.3550516235
            ],
            [
              -6.2474017067,
              53.3550901287
            ],
            [
              -6.2474556773,
              53.3551304647
            ],
            [
              -6.2474991932,
              53.3551629183
            ],
            [
              -6.2476391186,
              53.3552672468
            ],
            [
              -6.247678543,
              53.3552967643
            ],
            [
              -6.2477143672,
              53.3553234429
            ],
            [
              -6.2477667768,
              53.3553625876
            ],
            [
              -6.2478027434,
              53.3553888189
            ],
            [
              -6.2478612001,
              53.3554315573
            ],
            [
              -6.2479101556,
              53.355467326
            ],
            [
              -6.2479411897,
              53.3554899799
            ],
            [
              -6.2479770327,
              53.3555162093
            ],
            [
              -6.2480197195,
              53.3555477518
            ],
            [
              -6.248053269,
              53.3555725096
            ],
            [
              -6.2481024072,
              53.3555615479
            ],
            [
              -6.2481460423,
              53.3555518533
            ],
            [
              -6.2482107899,
              53.3555378853
            ],
            [
              -6.2482547889,
              53.3555283758
            ],
            [
              -6.2483317882,
              53.3555117117
            ],
            [
              -6.2484251582,
              53.3554916031
            ],
            [
              -6.2484660323,
              53.3554827667
            ],
            [
              -6.2485155307,
              53.3554720796
            ],
            [
              -6.248625151,
              53.3554484348
            ],
            [
              -6.2486552776,
              53.3554418671
            ],
            [
              -6.2486660251,
              53.3554395983
            ],
            [
              -6.2486786482,
              53.3554369077
            ],
            [
              -6.248682451,
              53.3554348066
            ],
            [
              -6.2486549448,
              53.3553895571
            ],
            [
              -6.2486372999,
              53.3553606292
            ],
            [
              -6.2486142041,
              53.3553226342
            ],
            [
              -6.2486005074,
              53.3553001451
            ],
            [
              -6.2485871601,
              53.3552782003
            ],
            [
              -6.2485637026,
              53.3552822597
            ],
            [
              -6.2485518949,
              53.3552620451
            ],
            [
              -6.2485247103,
              53.3552150029
            ],
            [
              -6.2485040025,
              53.3551791998
            ],
            [
              -6.2484927845,
              53.3551597128
            ],
            [
              -6.248481097,
              53.3551395899
            ],
            [
              -6.2484741544,
              53.355127625
            ],
            [
              -6.2484702246,
              53.3551207371
            ],
            [
              -6.2484628355,
              53.3551136186
            ],
            [
              -6.2484566329,
              53.3551077758
            ],
            [
              -6.2484496005,
              53.3551010221
            ],
            [
              -6.2484435917,
              53.3550934746
            ],
            [
              -6.2484379397,
              53.3550862918
            ],
            [
              -6.2484353521,
              53.3550829286
            ],
            [
              -6.2484327917,
              53.3550758811
            ],
            [
              -6.2484300168,
              53.3550680215
            ],
            [
              -6.2484291824,
              53.3550611791
            ],
            [
              -6.2484285441,
              53.3550555977
            ],
            [
              -6.2484086626,
              53.3550207953
            ],
            [
              -6.2483850844,
              53.3549794679
            ],
            [
              -6.2483447358,
              53.3549090456
            ],
            [
              -6.2483195348,
              53.3548649982
            ],
            [
              -6.2482973393,
              53.3548262075
            ],
            [
              -6.248288443,
              53.3548105292
            ],
            [
              -6.2482489793,
              53.354818218
            ],
            [
              -6.2482350207,
              53.3547960845
            ],
            [
              -6.2482085058,
              53.3547508494
            ]
          ]
        ],
        "type": "Polygon"
      },
      "properties": {
        "address": "Aldborough House, Portland Row, Dublin 1",
        "date_registered": "2017-07-28",
        "folio_reference": "11734",
        "linked_planning_ref_count": 12,
        "owner_address": "Sovereign House, 4 Christian Road, Douglas, Isle of Man, IM1 2SD",
        "ownership": "Reliance Investments Limited",
        "planning_applications": [
          {
            "app_type": "Permission",
            "applicant": "Reliance Investments Ltd.",
            "council_confirmed": true,
            "decision": "GRANT PERMISSION",
            "decision_date": "2017-09-12",
            "outcome": "Granted",
            "overlap_pct": 96.6,
            "plan_ref": "3457/17",
            "planning_portal_url": "https://webapps.dublincity.ie/PublicAccess_Live/SearchResult/RunThirdPartySearch?FileSystemId=PL&Folder1_Ref=3457%2F17",
            "proposal": "PROTECTED STRUCTURE: Planning permission for conse",
            "register_number": "VS-0124",
            "registration_date": "2017-07-19"
          },
          {
            "app_type": "Permission",
            "applicant": "Clúid Housing Association",
            "council_confirmed": true,
            "decision": "GRANT PERMISSION",
            "decision_date": "2015-09-14",
            "outcome": "Granted",
            "overlap_pct": 13.3,
            "plan_ref": "3326/15",
            "planning_portal_url": "https://webapps.dublincity.ie/PublicAccess_Live/SearchResult/RunThirdPartySearch?FileSystemId=PL&Folder1_Ref=3326%2F15",
            "proposal": "Change of use on ground floor from office to resid",
            "register_number": "VS-0124",
            "registration_date": "2015-07-28"
          },
          {
            "app_type": "Permission",
            "applicant": "Clúid Housing Association",
            "council_confirmed": true,
            "decision": "APPLICATION DECLARED INVA",
            "decision_date": "2015-07-14",
            "outcome": "Granted",
            "overlap_pct": 13.3,
            "plan_ref": "3189/15",
            "planning_portal_url": "https://webapps.dublincity.ie/PublicAccess_Live/SearchResult/RunThirdPartySearch?FileSystemId=PL&Folder1_Ref=3189%2F15",
            "proposal": "Change of use from office to residential",
            "register_number": "VS-0124",
            "registration_date": "2015-07-09"
          },
          {
            "app_type": "Permission",
            "applicant": "Aldborough Developments Ltd.",
            "council_confirmed": true,
            "decision": "GRANT PERMISSION",
            "decision_date": "2007-02-23",
            "outcome": "Granted",
            "overlap_pct": 96.7,
            "plan_ref": "5427/06",
            "planning_portal_url": "https://webapps.dublincity.ie/PublicAccess_Live/SearchResult/RunThirdPartySearch?FileSystemId=PL&Folder1_Ref=5427%2F06",
            "proposal": "PROTECTED STRUCTURE-Redevelopment at this site",
            "register_number": "VS-0124",
            "registration_date": "2007-01-29"
          },
          {
            "app_type": "Permission",
            "applicant": "Aldborough Developments LTD",
            "council_confirmed": true,
            "decision": "APPLICATION DECLARED INVA",
            "decision_date": "2006-04-05",
            "outcome": "Granted",
            "overlap_pct": 96.7,
            "plan_ref": "2119/06",
            "planning_portal_url": "https://webapps.dublincity.ie/PublicAccess_Live/SearchResult/RunThirdPartySearch?FileSystemId=PL&Folder1_Ref=2119%2F06",
            "proposal": "PROTECTED STRUCTURE - 40 Bedroom \"Day Hospital Med",
            "register_number": "VS-0124",
            "registration_date": "2006-03-21"
          },
          {
            "app_type": "Permission",
            "applicant": "Cluid Housing Association",
            "council_confirmed": true,
            "decision": "GRANT PERMISSION",
            "decision_date": "2003-02-20",
            "outcome": "Granted",
            "overlap_pct": 2.8,
            "plan_ref": "4569/02",
            "planning_portal_url": "https://webapps.dublincity.ie/PublicAccess_Live/SearchResult/RunThirdPartySearch?FileSystemId=PL&Folder1_Ref=4569%2F02",
            "proposal": "Change of use of 64.0 sq. m. apartment to offices",
            "register_number": "VS-0124",
            "registration_date": "2002-12-23"
          },
          {
            "app_type": "Permission",
            "applicant": "St Pancras Housing Association",
            "council_confirmed": true,
            "decision": "APPLICATION WITHDRAWN",
            "decision_date": "2001-03-14",
            "outcome": "Other",
            "overlap_pct": 2.7,
            "plan_ref": "4220/00",
            "planning_portal_url": "https://webapps.dublincity.ie/PublicAccess_Live/SearchResult/RunThirdPartySearch?FileSystemId=PL&Folder1_Ref=4220%2F00",
            "proposal": "Revisions to previous permission (ref. 2703/00) to",
            "register_number": "VS-0124",
            "registration_date": "2000-12-22"
          },
          {
            "app_type": "Permission",
            "applicant": "Irish Music Rights Organisation",
            "council_confirmed": true,
            "decision": "GRANT PERMISSION",
            "decision_date": "2001-03-06",
            "outcome": "Granted",
            "overlap_pct": 96.7,
            "plan_ref": "4201/00",
            "planning_portal_url": "https://webapps.dublincity.ie/PublicAccess_Live/SearchResult/RunThirdPartySearch?FileSystemId=PL&Folder1_Ref=4201%2F00",
            "proposal": "General refurbishment, alteration, extensions to h",
            "register_number": "VS-0124",
            "registration_date": "2000-12-22"
          },
          {
            "app_type": "Permission",
            "applicant": "St. Pancras Housing Association",
            "council_confirmed": true,
            "decision": "GRANT PERMISSION",
            "decision_date": "2000-10-03",
            "outcome": "Granted",
            "overlap_pct": 2.7,
            "plan_ref": "2703/00",
            "planning_portal_url": "https://webapps.dublincity.ie/PublicAccess_Live/SearchResult/RunThirdPartySearch?FileSystemId=PL&Folder1_Ref=2703%2F00",
            "proposal": "Revision to previously approved scheme (Ref. 2350/",
            "register_number": "VS-0124",
            "registration_date": "2000-08-17"
          },
          {
            "app_type": "Permission",
            "applicant": "St Pancras Housing Association",
            "council_confirmed": true,
            "decision": "GRANT PERMISSION",
            "decision_date": "1999-12-01",
            "outcome": "Granted",
            "overlap_pct": 2.7,
            "plan_ref": "2350/99",
            "planning_portal_url": "https://webapps.dublincity.ie/PublicAccess_Live/SearchResult/RunThirdPartySearch?FileSystemId=PL&Folder1_Ref=2350%2F99",
            "proposal": "Alterations and renovations to provide 1 shop, 3 e",
            "register_number": "VS-0124",
            "registration_date": "1999-10-13"
          },
          {
            "app_type": "Permission",
            "applicant": "Aldborough Developments Ltd",
            "council_confirmed": true,
            "decision": "APPLICATION WITHDRAWN",
            "decision_date": "2006-06-13",
            "outcome": "Other",
            "overlap_pct": 96.7,
            "plan_ref": "2569/06",
            "planning_portal_url": "https://webapps.dublincity.ie/PublicAccess_Live/SearchResult/RunThirdPartySearch?FileSystemId=PL&Folder1_Ref=2569%2F06",
            "proposal": "40 Bedroom Day hospital , conservation and restora",
            "register_number": "VS-0124",
            "registration_date": null
          },
          {
            "app_type": "Section 5",
            "applicant": "Relience Investments Ltd.",
            "council_confirmed": true,
            "decision": "APPLICATION WITHDRAWN",
            "decision_date": "2015-03-26",
            "outcome": "Other",
            "overlap_pct": 96.6,
            "plan_ref": "0060/15",
            "planning_portal_url": "https://webapps.dublincity.ie/PublicAccess_Live/SearchResult/RunThirdPartySearch?FileSystemId=PL&Folder1_Ref=0060%2F15",
            "proposal": "EXPP: PROTECTED STRUCTURE: Erection of CCTV camera",
            "register_number": "VS-0124",
            "registration_date": null
          }
        ],
        "priority_code": 1,
        "register_number": "VS-0124",
        "register_status": "Vacant - Suitable",
        "valuation": 3500000,
        "valuation_date": "2021-04-01"
      },
      "type": "Feature"
    },
    {
      "geometry": {
        "coordinates": [
          [
            [
              -6.245626301,
              53.3425323771
            ],
            [
              -6.2454514374,
              53.3424807358
            ],
            [
              -6.2452765743,
              53.3424290942
            ],
            [
              -6.2452994117,
              53.34237362
            ],
            [
              -6.2453152483,
              53.342331793
            ],
            [
              -6.245337997,
              53.3422784744
            ],
            [
              -6.245354523,
              53.3422409714
            ],
            [
              -6.2453617892,
              53.3422208572
            ],
            [
              -6.2453737268,
              53.3421925435
            ],
            [
              -6.2453856645,
              53.3421642299
            ],
            [
              -6.245397493,
              53.3421355551
            ],
            [
              -6.2454093216,
              53.3421068803
            ],
            [
              -6.2454227978,
              53.3420742754
            ],
            [
              -6.2454319516,
              53.3420504144
            ],
            [
              -6.2454476426,
              53.3420151459
            ],
            [
              -6.2454560337,
              53.3419947786
            ],
            [
              -6.2456027701,
              53.3420165285
            ],
            [
              -6.2456534853,
              53.3420241045
            ],
            [
              -6.2456825684,
              53.3421784819
            ],
            [
              -6.2456854433,
              53.3422502416
            ],
            [
              -6.2456884456,
              53.3423219133
            ],
            [
              -6.2456060701,
              53.3423252854
            ],
            [
              -6.2456161874,
              53.3424287863
            ],
            [
              -6.245626301,
              53.3425323771
            ]
          ]
        ],
        "type": "Polygon"
      },
      "properties": {
        "address": "Site to the rear of 29-35 Erne Street Upper, Dublin 2 (accessed from Boyne Street)",
        "date_registered": "2017-07-28",
        "folio_reference": "144775L",
        "linked_planning_ref_count": 6,
        "owner_address": "36, Flat 3, Triq Abbate Savoia, Naxxar, NXr 1141, Malta",
        "ownership": "Rails Investments Limited",
        "planning_applications": [
          {
            "app_type": "Permission                              ",
            "applicant": "Rails Investments Ltd (In Trust)",
            "council_confirmed": true,
            "decision": null,
            "decision_date": null,
            "outcome": "Undecided",
            "overlap_pct": 91.2,
            "plan_ref": "WEB2956/26",
            "planning_portal_url": "https://webapps.dublincity.ie/PublicAccess_Live/SearchResult/RunThirdPartySearch?FileSystemId=PL&Folder1_Ref=WEB2956%2F26",
            "proposal": "PERMISSION & RETENTION: for development at the Former Post Office Garage site",
            "register_number": "VS-0131",
            "registration_date": "2026-08-07"
          },
          {
            "app_type": "Permission",
            "applicant": "Rails Investment Ltd (In Trust)",
            "council_confirmed": true,
            "decision": "REFUSE PERMISSION",
            "decision_date": "2021-05-12",
            "outcome": "Refused",
            "overlap_pct": 97.5,
            "plan_ref": "2553/20",
            "planning_portal_url": "https://webapps.dublincity.ie/PublicAccess_Live/SearchResult/RunThirdPartySearch?FileSystemId=PL&Folder1_Ref=2553%2F20",
            "proposal": "Permission for development at the Former Post Offi",
            "register_number": "VS-0131",
            "registration_date": "2021-04-15"
          },
          {
            "app_type": "Permission",
            "applicant": "Goldrun Properties Ltd.",
            "council_confirmed": true,
            "decision": "GRANT PERMISSION",
            "decision_date": "2019-09-18",
            "outcome": "Granted",
            "overlap_pct": 1.2,
            "plan_ref": "3080/19",
            "planning_portal_url": "https://webapps.dublincity.ie/PublicAccess_Live/SearchResult/RunThirdPartySearch?FileSystemId=PL&Folder1_Ref=3080%2F19",
            "proposal": "Planning permission to demolish the existing 397sq",
            "register_number": "VS-0131",
            "registration_date": "2019-08-22"
          },
          {
            "app_type": "Permission",
            "applicant": "Goldrun Properties Ltd.",
            "council_confirmed": true,
            "decision": "APPLICATION DECLARED INVA",
            "decision_date": "2019-05-21",
            "outcome": "Granted",
            "overlap_pct": 1.2,
            "plan_ref": "2814/19",
            "planning_portal_url": "https://webapps.dublincity.ie/PublicAccess_Live/SearchResult/RunThirdPartySearch?FileSystemId=PL&Folder1_Ref=2814%2F19",
            "proposal": "Planning permission to demolish the existing 397sq",
            "register_number": "VS-0131",
            "registration_date": "2019-04-18"
          },
          {
            "app_type": "Permission",
            "applicant": "Rails Investment Ltd (In Trust)",
            "council_confirmed": true,
            "decision": "REFUSE PERMISSION",
            "decision_date": "2017-11-17",
            "outcome": "Refused",
            "overlap_pct": 97.9,
            "plan_ref": "4177/16",
            "planning_portal_url": "https://webapps.dublincity.ie/PublicAccess_Live/SearchResult/RunThirdPartySearch?FileSystemId=PL&Folder1_Ref=4177%2F16",
            "proposal": "1.Demolition of existing building 2.Constr. of 4-7",
            "register_number": "VS-0131",
            "registration_date": "2017-10-23"
          },
          {
            "app_type": "Permission",
            "applicant": "Eircom Property Section",
            "council_confirmed": true,
            "decision": "GRANT PERMISSION",
            "decision_date": "2002-12-19",
            "outcome": "Granted",
            "overlap_pct": 84.3,
            "plan_ref": "3288/02",
            "planning_portal_url": "https://webapps.dublincity.ie/PublicAccess_Live/SearchResult/RunThirdPartySearch?FileSystemId=PL&Folder1_Ref=3288%2F02",
            "proposal": "Erection of a 113 sq. m. single storey telephone e",
            "register_number": "VS-0131",
            "registration_date": "2002-10-31"
          }
        ],
        "priority_code": 1,
        "register_number": "VS-0131",
        "register_status": "Vacant - Suitable",
        "valuation": 1800000,
        "valuation_date": "2021-08-03"
      },
      "type": "Feature"
    },
    {
      "geometry": {
        "coordinates": [
          [
            [
              -6.2621379187,
              53.3963109033
            ],
            [
              -6.2620270542,
              53.3962987744
            ],
            [
              -6.2619780057,
              53.3962973413
            ],
            [
              -6.2619491474,
              53.3962964718
            ],
            [
              -6.2619563727,
              53.3962713234
            ],
            [
              -6.2619467126,
              53.3962527593
            ],
            [
              -6.2619303047,
              53.3962385006
            ],
            [
              -6.2618999174,
              53.3962264649
            ],
            [
              -6.2618814958,
              53.3962220626
            ],
            [
              -6.2614809848,
              53.3961817201
            ],
            [
              -6.261468409,
              53.3962225179
            ],
            [
              -6.2614521087,
              53.3962786293
            ],
            [
              -6.2615446056,
              53.3962880647
            ],
            [
              -6.261555118,
              53.396288757
            ],
            [
              -6.2614771107,
              53.3965779026
            ],
            [
              -6.2613898378,
              53.3968783267
            ],
            [
              -6.2613085926,
              53.397140374
            ],
            [
              -6.261301259,
              53.3971377508
            ],
            [
              -6.2612683514,
              53.3972088084
            ],
            [
              -6.2611450694,
              53.3974068846
            ],
            [
              -6.2612192599,
              53.3974486766
            ],
            [
              -6.261304626,
              53.397514447
            ],
            [
              -6.2613809633,
              53.3975796364
            ],
            [
              -6.2614217903,
              53.3976367596
            ],
            [
              -6.2614704323,
              53.3976968724
            ],
            [
              -6.2615208571,
              53.3977162998
            ],
            [
              -6.2616426034,
              53.3977231953
            ],
            [
              -6.2616465634,
              53.3976960223
            ],
            [
              -6.2620565478,
              53.3977172698
            ],
            [
              -6.2620658761,
              53.397737896
            ],
            [
              -6.2621066518,
              53.3977384897
            ],
            [
              -6.2621459087,
              53.3977307032
            ],
            [
              -6.2621815134,
              53.3977212459
            ],
            [
              -6.2621998788,
              53.3977179185
            ],
            [
              -6.262255041,
              53.3977032638
            ],
            [
              -6.2622515472,
              53.3976916196
            ],
            [
              -6.2622435152,
              53.3975904883
            ],
            [
              -6.2622506776,
              53.3974603703
            ],
            [
              -6.2622515429,
              53.3974300067
            ],
            [
              -6.2622550594,
              53.3973041494
            ],
            [
              -6.2622554551,
              53.3972913935
            ],
            [
              -6.2622557117,
              53.3971055452
            ],
            [
              -6.2622585548,
              53.397084467
            ],
            [
              -6.262269784,
              53.3968941051
            ],
            [
              -6.2622689353,
              53.3968905878
            ],
            [
              -6.2622719643,
              53.3966245254
            ],
            [
              -6.2622806374,
              53.3963264615
            ],
            [
              -6.262165202,
              53.3963139067
            ],
            [
              -6.2621379187,
              53.3963109033
            ]
          ]
        ],
        "type": "Polygon"
      },
      "properties": {
        "address": "Site bounded by Coultry Road (west of Woodhazel Close & Woodhazel Terrace), Ballymun, Dublin 9",
        "date_registered": "2017-11-28",
        "folio_reference": "869",
        "linked_planning_ref_count": 6,
        "owner_address": "Civic Offices, Wood Quay, Dublin 8, D08 RF3F",
        "ownership": "Dublin City Council",
        "planning_applications": [
          {
            "app_type": "Large Residential Development-3         ",
            "applicant": "Tuath Housing Association CLG",
            "council_confirmed": true,
            "decision": "GRANT PERMISSION         ",
            "decision_date": "2025-12-12",
            "outcome": "Granted",
            "overlap_pct": 93.2,
            "plan_ref": "WEBLRD6078/25-S3",
            "planning_portal_url": "https://webapps.dublincity.ie/PublicAccess_Live/SearchResult/RunThirdPartySearch?FileSystemId=PL&Folder1_Ref=WEBLRD6078%2F25-S3",
            "proposal": "463 No. residential units as apartments and duplexes in 10 no. buildings",
            "register_number": "VS-0400",
            "registration_date": "2025-11-17"
          },
          {
            "app_type": "Permission",
            "applicant": "Ballymun Regeneration Ltd",
            "council_confirmed": true,
            "decision": "GRANT PERMISSION",
            "decision_date": "2010-03-15",
            "outcome": "Granted",
            "overlap_pct": 94.9,
            "plan_ref": "2085/10",
            "planning_portal_url": "https://webapps.dublincity.ie/PublicAccess_Live/SearchResult/RunThirdPartySearch?FileSystemId=PL&Folder1_Ref=2085%2F10",
            "proposal": "Demolition of no's 1-93 Coultry Road",
            "register_number": "VS-0400",
            "registration_date": "2010-01-21"
          },
          {
            "app_type": "Permission",
            "applicant": "Ballymun Regeneration Ltd.",
            "council_confirmed": true,
            "decision": "GRANT PERMISSION",
            "decision_date": "2009-08-27",
            "outcome": "Granted",
            "overlap_pct": 35.3,
            "plan_ref": "3437/09",
            "planning_portal_url": "https://webapps.dublincity.ie/PublicAccess_Live/SearchResult/RunThirdPartySearch?FileSystemId=PL&Folder1_Ref=3437%2F09",
            "proposal": "Demolish existing buildings by mechanical means or",
            "register_number": "VS-0400",
            "registration_date": "2009-07-08"
          },
          {
            "app_type": "LAW",
            "applicant": "Ballymun Area Office",
            "council_confirmed": true,
            "decision": "OBSERVATIONS",
            "decision_date": "2008-01-28",
            "outcome": "Other",
            "overlap_pct": 100.0,
            "plan_ref": "6060/07",
            "planning_portal_url": "https://webapps.dublincity.ie/PublicAccess_Live/SearchResult/RunThirdPartySearch?FileSystemId=PL&Folder1_Ref=6060%2F07",
            "proposal": "To erect CCTV cameras throughout the areas of Coul",
            "register_number": "VS-0400",
            "registration_date": "2007-11-09"
          },
          {
            "app_type": "Permission",
            "applicant": "Ballymun Regeneration Ltd",
            "council_confirmed": true,
            "decision": "GRANT PERMISSION",
            "decision_date": "2007-08-10",
            "outcome": "Granted",
            "overlap_pct": 8.4,
            "plan_ref": "3753/07",
            "planning_portal_url": "https://webapps.dublincity.ie/PublicAccess_Live/SearchResult/RunThirdPartySearch?FileSystemId=PL&Folder1_Ref=3753%2F07",
            "proposal": "The development consists of the construction of 39",
            "register_number": "VS-0400",
            "registration_date": "2007-06-19"
          },
          {
            "app_type": "Permission",
            "applicant": "H.A.I.L",
            "council_confirmed": true,
            "decision": "GRANT PERMISSION",
            "decision_date": "2000-09-15",
            "outcome": "Granted",
            "overlap_pct": 0.9,
            "plan_ref": "2380/00",
            "planning_portal_url": "https://webapps.dublincity.ie/PublicAccess_Live/SearchResult/RunThirdPartySearch?FileSystemId=PL&Folder1_Ref=2380%2F00",
            "proposal": "The proposed development comprises 30 dwellings. 5",
            "register_number": "VS-0400",
            "registration_date": "2000-07-19"
          }
        ],
        "priority_code": 1,
        "register_number": "VS-0400",
        "register_status": "Vacant - Suitable",
        "valuation": 1300000,
        "valuation_date": "2020-12-01"
      },
      "type": "Feature"
    },
    {
      "geometry": {
        "coordinates": [
          [
            [
              -6.2595015042,
              53.3944607929
            ],
            [
              -6.2593877166,
              53.3944566174
            ],
            [
              -6.2593568885,
              53.3944523933
            ],
            [
              -6.2593275046,
              53.3944917774
            ],
            [
              -6.2593044194,
              53.3944983608
            ],
            [
              -6.2592504482,
              53.3944991016
            ],
            [
              -6.2590647607,
              53.3944761728
            ],
            [
              -6.2587927274,
              53.3943205934
            ],
            [
              -6.2586887279,
              53.3942680299
            ],
            [
              -6.2586582769,
              53.3942576101
            ],
            [
              -6.2586167076,
              53.3942522406
            ],
            [
              -6.2585529611,
              53.3942524789
            ],
            [
              -6.2584653249,
              53.3942698935
            ],
            [
              -6.2583932197,
              53.3943017341
            ],
            [
              -6.2583678245,
              53.3943193377
            ],
            [
              -6.2583531953,
              53.3943557016
            ],
            [
              -6.2582306087,
              53.3940842114
            ],
            [
              -6.2578942798,
              53.3937815623
            ],
            [
              -6.2577728678,
              53.3937819472
            ],
            [
              -6.2577749738,
              53.3937577129
            ],
            [
              -6.2578123755,
              53.3936708147
            ],
            [
              -6.2578586189,
              53.3935587021
            ],
            [
              -6.257878381,
              53.3935606082
            ],
            [
              -6.2579846196,
              53.3935704267
            ],
            [
              -6.2580218136,
              53.3935644988
            ],
            [
              -6.2581561203,
              53.3935793102
            ],
            [
              -6.2582827767,
              53.3935932009
            ],
            [
              -6.2583898023,
              53.3936050077
            ],
            [
              -6.2583939528,
              53.3935944636
            ],
            [
              -6.2585024363,
              53.3936070105
            ],
            [
              -6.2585022367,
              53.3936179718
            ],
            [
              -6.2586148999,
              53.393634444
            ],
            [
              -6.2586141336,
              53.3936380277
            ],
            [
              -6.258721254,
              53.3936505545
            ],
            [
              -6.25884154,
              53.3936625543
            ],
            [
              -6.2589093408,
              53.393669295
            ],
            [
              -6.2589153259,
              53.3936532955
            ],
            [
              -6.2589606821,
              53.3936570126
            ],
            [
              -6.258998745,
              53.393660174
            ],
            [
              -6.2590000803,
              53.3936548013
            ],
            [
              -6.2590723799,
              53.3936728412
            ],
            [
              -6.2591367658,
              53.3936781839
            ],
            [
              -6.2591863208,
              53.3936823217
            ],
            [
              -6.2591778742,
              53.3937039472
            ],
            [
              -6.2592916195,
              53.393724299
            ],
            [
              -6.2594090219,
              53.3937401206
            ],
            [
              -6.2595206255,
              53.3937552285
            ],
            [
              -6.2597597937,
              53.3937863057
            ],
            [
              -6.2597508434,
              53.3937625393
            ],
            [
              -6.2598151979,
              53.3937625788
            ],
            [
              -6.2598808033,
              53.3937593112
            ],
            [
              -6.2599376009,
              53.3937470181
            ],
            [
              -6.2599953905,
              53.3937316838
            ],
            [
              -6.2600025073,
              53.3937396063
            ],
            [
              -6.2601463275,
              53.3936732212
            ],
            [
              -6.2600524486,
              53.3938133091
            ],
            [
              -6.2604219481,
              53.3938655169
            ],
            [
              -6.2609263465,
              53.3939393706
            ],
            [
              -6.2611926594,
              53.3939768617
            ],
            [
              -6.261207321,
              53.3941038826
            ],
            [
              -6.2616145103,
              53.3941107119
            ],
            [
              -6.2617627722,
              53.3941087369
            ],
            [
              -6.2620095271,
              53.3941089147
            ],
            [
              -6.262012754,
              53.3941240599
            ],
            [
              -6.2620092495,
              53.3941339845
            ],
            [
              -6.2620139065,
              53.3941414217
            ],
            [
              -6.2620284401,
              53.3941560126
            ],
            [
              -6.262030387,
              53.3941964827
            ],
            [
              -6.262030499,
              53.3945923638
            ],
            [
              -6.2620602864,
              53.3945886635
            ],
            [
              -6.2620630071,
              53.3946010153
            ],
            [
              -6.2620772753,
              53.3946342954
            ],
            [
              -6.2621030406,
              53.3946623506
            ],
            [
              -6.2621230817,
              53.3946787292
            ],
            [
              -6.2621698089,
              53.3947096959
            ],
            [
              -6.2623807203,
              53.3948379558
            ],
            [
              -6.2625329229,
              53.3949188977
            ],
            [
              -6.2626952448,
              53.3949980096
            ],
            [
              -6.2627532117,
              53.3950209614
            ],
            [
              -6.2627731785,
              53.3950970128
            ],
            [
              -6.2627687512,
              53.3951356825
            ],
            [
              -6.2627499091,
              53.3951659643
            ],
            [
              -6.2626703257,
              53.395223132
            ],
            [
              -6.2626236059,
              53.3952558838
            ],
            [
              -6.2625860976,
              53.3952847256
            ],
            [
              -6.2624025265,
              53.3951914642
            ],
            [
              -6.2623377926,
              53.3952250321
            ],
            [
              -6.2622381223,
              53.395139103
            ],
            [
              -6.2622116248,
              53.3951503105
            ],
            [
              -6.2618086192,
              53.3953204993
            ],
            [
              -6.2617721376,
              53.3952906703
            ],
            [
              -6.2617259559,
              53.3952645644
            ],
            [
              -6.261570201,
              53.3951764699
            ],
            [
              -6.2615289647,
              53.3951568169
            ],
            [
              -6.2614226888,
              53.3951052112
            ],
            [
              -6.261123973,
              53.3949650659
            ],
            [
              -6.2608763598,
              53.3948732957
            ],
            [
              -6.2606885001,
              53.3948184337
            ],
            [
              -6.2606455405,
              53.3947802419
            ],
            [
              -6.2606204518,
              53.3947629807
            ],
            [
              -6.2605882046,
              53.3947448962
            ],
            [
              -6.2604850491,
              53.3947202064
            ],
            [
              -6.2603357886,
              53.3946766908
            ],
            [
              -6.2603010244,
              53.394668635
            ],
            [
              -6.2602893421,
              53.3946692736
            ],
            [
              -6.2602600771,
              53.3946662408
            ],
            [
              -6.2602407332,
              53.3946662285
            ],
            [
              -6.2602047558,
              53.3946727141
            ],
            [
              -6.2601802868,
              53.3946737055
            ],
            [
              -6.2600130997,
              53.394634961
            ],
            [
              -6.259726239,
              53.3945721837
            ],
            [
              -6.2596665814,
              53.3945572941
            ],
            [
              -6.2596093261,
              53.3945412713
            ],
            [
              -6.2595882962,
              53.3945339548
            ],
            [
              -6.2595727376,
              53.3945262687
            ],
            [
              -6.2595590562,
              53.3945181606
            ],
            [
              -6.2595289572,
              53.3944808748
            ],
            [
              -6.2595178584,
              53.3944641768
            ],
            [
              -6.2595015042,
              53.3944607929
            ]
          ]
        ],
        "type": "Polygon"
      },
      "properties": {
        "address": "Shangan Road (site opposite Virgin Mary School and Church), Ballymun, Dublin 9",
        "date_registered": "2018-05-17",
        "folio_reference": "869",
        "linked_planning_ref_count": 7,
        "owner_address": "Civic Offices, Wood Quay, Dublin 8, D08 RF3F",
        "ownership": "Dublin City Council",
        "planning_applications": [
          {
            "app_type": "Permission                              ",
            "applicant": "An Saol Foundation CLG",
            "council_confirmed": true,
            "decision": "GRANT PERMISSION         ",
            "decision_date": "2026-01-09",
            "outcome": "Granted",
            "overlap_pct": 98.3,
            "plan_ref": "WEB1073/25",
            "planning_portal_url": "https://webapps.dublincity.ie/PublicAccess_Live/SearchResult/RunThirdPartySearch?FileSystemId=PL&Folder1_Ref=WEB1073%2F25",
            "proposal": "Construction of a 2-storey Neurocare and Rehabilitation Centre.",
            "register_number": "VS-0402",
            "registration_date": "2025-12-05"
          },
          {
            "app_type": "Permission",
            "applicant": "An Saol Foundation CLG",
            "council_confirmed": true,
            "decision": "APPLICATION DECLARED INVA",
            "decision_date": "2025-01-07",
            "outcome": "Granted",
            "overlap_pct": 98.3,
            "plan_ref": "WEB2807/24",
            "planning_portal_url": "https://webapps.dublincity.ie/PublicAccess_Live/SearchResult/RunThirdPartySearch?FileSystemId=PL&Folder1_Ref=WEB2807%2F24",
            "proposal": "Planning permission on lands at Shangan Road, Ball",
            "register_number": "VS-0402",
            "registration_date": "2024-12-20"
          },
          {
            "app_type": "LAW",
            "applicant": "Dublin City Council, Housing and Communi",
            "council_confirmed": true,
            "decision": "City Council - Approved",
            "decision_date": "2022-09-05",
            "outcome": "Other",
            "overlap_pct": 59.6,
            "plan_ref": "3926/22",
            "planning_portal_url": "https://webapps.dublincity.ie/PublicAccess_Live/SearchResult/RunThirdPartySearch?FileSystemId=PL&Folder1_Ref=3926%2F22",
            "proposal": "LAW: Planning and Development Act 2000 (as amended",
            "register_number": "VS-0402",
            "registration_date": "2022-05-10"
          },
          {
            "app_type": "Permission",
            "applicant": "Ballymun Regeneration Ltd",
            "council_confirmed": true,
            "decision": "GRANT PERMISSION",
            "decision_date": "2011-04-07",
            "outcome": "Granted",
            "overlap_pct": 100.0,
            "plan_ref": "2201/11",
            "planning_portal_url": "https://webapps.dublincity.ie/PublicAccess_Live/SearchResult/RunThirdPartySearch?FileSystemId=PL&Folder1_Ref=2201%2F11",
            "proposal": "Demolition by mechanical means or the controlled u",
            "register_number": "VS-0402",
            "registration_date": "2011-02-15"
          },
          {
            "app_type": "LAW",
            "applicant": "Ballymun Area Office",
            "council_confirmed": true,
            "decision": "OBSERVATIONS",
            "decision_date": "2008-01-28",
            "outcome": "Other",
            "overlap_pct": 97.5,
            "plan_ref": "6060/07",
            "planning_portal_url": "https://webapps.dublincity.ie/PublicAccess_Live/SearchResult/RunThirdPartySearch?FileSystemId=PL&Folder1_Ref=6060%2F07",
            "proposal": "To erect CCTV cameras throughout the areas of Coul",
            "register_number": "VS-0402",
            "registration_date": "2007-11-09"
          },
          {
            "app_type": "Permission",
            "applicant": "Ballymun Regeneration Limited",
            "council_confirmed": true,
            "decision": "GRANT PERMISSION",
            "decision_date": "2006-02-09",
            "outcome": "Granted",
            "overlap_pct": 98.6,
            "plan_ref": "5076/05",
            "planning_portal_url": "https://webapps.dublincity.ie/PublicAccess_Live/SearchResult/RunThirdPartySearch?FileSystemId=PL&Folder1_Ref=5076%2F05",
            "proposal": "Demolition, by mechanical means or the controlled",
            "register_number": "VS-0402",
            "registration_date": "2006-01-13"
          },
          {
            "app_type": "Permission",
            "applicant": "Ballymun Regeneration Limited",
            "council_confirmed": true,
            "decision": "APPLICATION DECLARED INVA",
            "decision_date": "2005-09-21",
            "outcome": "Granted",
            "overlap_pct": 98.6,
            "plan_ref": "4680/05",
            "planning_portal_url": "https://webapps.dublincity.ie/PublicAccess_Live/SearchResult/RunThirdPartySearch?FileSystemId=PL&Folder1_Ref=4680%2F05",
            "proposal": "one eight storey over basement flat block containi",
            "register_number": "VS-0402",
            "registration_date": "2005-09-08"
          }
        ],
        "priority_code": 11,
        "register_number": "VS-0402",
        "register_status": "Vacant - Suitable - DCC",
        "valuation": 3300000,
        "valuation_date": "2021-07-01"
      },
      "type": "Feature"
    },
    {
      "geometry": {
        "coordinates": [
          [
            [
              -6.2620487664,
              53.3980968591
            ],
            [
              -6.262025413,
              53.3980643455
            ],
            [
              -6.2620090169,
              53.3980193513
            ],
            [
              -6.2620046367,
              53.3979898999
            ],
            [
              -6.262009076,
              53.3979722601
            ],
            [
              -6.2620353782,
              53.3979415478
            ],
            [
              -6.2620614314,
              53.3979169431
            ],
            [
              -6.2620844729,
              53.3978962489
            ],
            [
              -6.2621204411,
              53.39782919
            ],
            [
              -6.2617183833,
              53.3978325029
            ],
            [
              -6.2617197499,
              53.3978141892
            ],
            [
              -6.2617027594,
              53.3978142114
            ],
            [
              -6.2616336263,
              53.3978186868
            ],
            [
              -6.261610022,
              53.3978258023
            ],
            [
              -6.2615762102,
              53.3978369032
            ],
            [
              -6.2615537386,
              53.397849697
            ],
            [
              -6.2615263849,
              53.397887943
            ],
            [
              -6.2614821806,
              53.3979775292
            ],
            [
              -6.2614413654,
              53.3980326544
            ],
            [
              -6.2613638648,
              53.3981024335
            ],
            [
              -6.2612899856,
              53.3981624694
            ],
            [
              -6.2611750653,
              53.3982344893
            ],
            [
              -6.2610310956,
              53.3983041986
            ],
            [
              -6.2608791835,
              53.3983679505
            ],
            [
              -6.2608265384,
              53.3983847083
            ],
            [
              -6.26077865,
              53.3984034226
            ],
            [
              -6.2607566717,
              53.3984253903
            ],
            [
              -6.2607540714,
              53.3984496174
            ],
            [
              -6.2607583769,
              53.3984656771
            ],
            [
              -6.2607769808,
              53.3984929991
            ],
            [
              -6.2608554955,
              53.3985747568
            ],
            [
              -6.2609176601,
              53.3986438741
            ],
            [
              -6.2609274631,
              53.3986589354
            ],
            [
              -6.260929191,
              53.3986591403
            ],
            [
              -6.2617023713,
              53.3986633916
            ],
            [
              -6.2617350953,
              53.3986637782
            ],
            [
              -6.2617395528,
              53.3986061463
            ],
            [
              -6.2617418374,
              53.3985501004
            ],
            [
              -6.2617440787,
              53.3984920768
            ],
            [
              -6.2617462466,
              53.3984358494
            ],
            [
              -6.2617487143,
              53.3983753127
            ],
            [
              -6.261814905,
              53.3983791523
            ],
            [
              -6.2619390819,
              53.39838123
            ],
            [
              -6.2620289604,
              53.3983819993
            ],
            [
              -6.2620931247,
              53.3983838321
            ],
            [
              -6.2620939604,
              53.398378542
            ],
            [
              -6.2621109548,
              53.3982049799
            ],
            [
              -6.2621119818,
              53.3981676088
            ],
            [
              -6.2621109202,
              53.3981510572
            ],
            [
              -6.2621096028,
              53.3981377372
            ],
            [
              -6.2621004961,
              53.3981207988
            ],
            [
              -6.2620857128,
              53.3981092599
            ],
            [
              -6.2620794871,
              53.3981068326
            ],
            [
              -6.2620520871,
              53.3980975366
            ],
            [
              -6.2620487664,
              53.3980968591
            ]
          ]
        ],
        "type": "Polygon"
      },
      "properties": {
        "address": "Coultry Road (site east of Coultry Gardens), Ballymun, Dublin 9",
        "date_registered": "2018-05-17",
        "folio_reference": "869",
        "linked_planning_ref_count": 7,
        "owner_address": "Civic Offices, Wood Quay, Dublin 8, D08 RF3F",
        "ownership": "Dublin City Council",
        "planning_applications": [
          {
            "app_type": "Large Residential Development-3         ",
            "applicant": "Tuath Housing Association CLG",
            "council_confirmed": true,
            "decision": "GRANT PERMISSION         ",
            "decision_date": "2025-12-12",
            "outcome": "Granted",
            "overlap_pct": 99.6,
            "plan_ref": "WEBLRD6078/25-S3",
            "planning_portal_url": "https://webapps.dublincity.ie/PublicAccess_Live/SearchResult/RunThirdPartySearch?FileSystemId=PL&Folder1_Ref=WEBLRD6078%2F25-S3",
            "proposal": "463 No. residential units as apartments and duplexes in 10 no. buildings",
            "register_number": "VS-0403",
            "registration_date": "2025-11-17"
          },
          {
            "app_type": "Permission",
            "applicant": "Ballymun Regeneration Ltd.",
            "council_confirmed": true,
            "decision": "GRANT PERMISSION",
            "decision_date": "2010-05-31",
            "outcome": "Granted",
            "overlap_pct": 8.3,
            "plan_ref": "2591/10",
            "planning_portal_url": "https://webapps.dublincity.ie/PublicAccess_Live/SearchResult/RunThirdPartySearch?FileSystemId=PL&Folder1_Ref=2591%2F10",
            "proposal": "Demolish mechanically, terrace of 4no. houses & re",
            "register_number": "VS-0403",
            "registration_date": "2010-04-09"
          },
          {
            "app_type": "Permission",
            "applicant": "Ballymun Regeneration Ltd.",
            "council_confirmed": true,
            "decision": "GRANT PERMISSION",
            "decision_date": "2009-08-27",
            "outcome": "Granted",
            "overlap_pct": 19.4,
            "plan_ref": "3437/09",
            "planning_portal_url": "https://webapps.dublincity.ie/PublicAccess_Live/SearchResult/RunThirdPartySearch?FileSystemId=PL&Folder1_Ref=3437%2F09",
            "proposal": "Demolish existing buildings by mechanical means or",
            "register_number": "VS-0403",
            "registration_date": "2009-07-08"
          },
          {
            "app_type": "LAW",
            "applicant": "Ballymun Area Office",
            "council_confirmed": true,
            "decision": "OBSERVATIONS",
            "decision_date": "2008-01-28",
            "outcome": "Other",
            "overlap_pct": 100.0,
            "plan_ref": "6060/07",
            "planning_portal_url": "https://webapps.dublincity.ie/PublicAccess_Live/SearchResult/RunThirdPartySearch?FileSystemId=PL&Folder1_Ref=6060%2F07",
            "proposal": "To erect CCTV cameras throughout the areas of Coul",
            "register_number": "VS-0403",
            "registration_date": "2007-11-09"
          },
          {
            "app_type": "Permission",
            "applicant": "Ballymun Regeneration Ltd",
            "council_confirmed": true,
            "decision": "GRANT PERMISSION",
            "decision_date": "2007-08-10",
            "outcome": "Granted",
            "overlap_pct": 40.3,
            "plan_ref": "3753/07",
            "planning_portal_url": "https://webapps.dublincity.ie/PublicAccess_Live/SearchResult/RunThirdPartySearch?FileSystemId=PL&Folder1_Ref=3753%2F07",
            "proposal": "The development consists of the construction of 39",
            "register_number": "VS-0403",
            "registration_date": "2007-06-19"
          },
          {
            "app_type": "Permission",
            "applicant": "Ballymun Regeneration Limited",
            "council_confirmed": true,
            "decision": "GRANT PERMISSION",
            "decision_date": "2006-02-09",
            "outcome": "Granted",
            "overlap_pct": 4.5,
            "plan_ref": "5071/05",
            "planning_portal_url": "https://webapps.dublincity.ie/PublicAccess_Live/SearchResult/RunThirdPartySearch?FileSystemId=PL&Folder1_Ref=5071%2F05",
            "proposal": "Demolition, by mechanical means or the controlled",
            "register_number": "VS-0403",
            "registration_date": "2006-01-13"
          },
          {
            "app_type": "Permission",
            "applicant": "Ballymun Regeneration Limited",
            "council_confirmed": true,
            "decision": "APPLICATION DECLARED INVA",
            "decision_date": "2005-09-21",
            "outcome": "Granted",
            "overlap_pct": 4.3,
            "plan_ref": "4681/05",
            "planning_portal_url": "https://webapps.dublincity.ie/PublicAccess_Live/SearchResult/RunThirdPartySearch?FileSystemId=PL&Folder1_Ref=4681%2F05",
            "proposal": "one eight storey over basement flat block containi",
            "register_number": "VS-0403",
            "registration_date": "2005-09-08"
          }
        ],
        "priority_code": 11,
        "register_number": "VS-0403",
        "register_status": "Vacant - Suitable - DCC",
        "valuation": 750000,
        "valuation_date": "2021-08-03"
      },
      "type": "Feature"
    },
    {
      "geometry": {
        "coordinates": [
          [
            [
              -6.271009732,
              53.3943484478
            ],
            [
              -6.2709752436,
              53.3943549582
            ],
            [
              -6.2709080309,
              53.3943672854
            ],
            [
              -6.2709070541,
              53.3943669118
            ],
            [
              -6.2708836968,
              53.3943588446
            ],
            [
              -6.2704134042,
              53.3944555621
            ],
            [
              -6.2703906451,
              53.3944602651
            ],
            [
              -6.2703875249,
              53.3944546479
            ],
            [
              -6.2703615509,
              53.3944591246
            ],
            [
              -6.2703670588,
              53.3944700787
            ],
            [
              -6.2703826708,
              53.3944917839
            ],
            [
              -6.2703994928,
              53.3945081144
            ],
            [
              -6.2704218553,
              53.394525424
            ],
            [
              -6.2704683914,
              53.3945490152
            ],
            [
              -6.2704970632,
              53.3945605745
            ],
            [
              -6.270574137,
              53.3945802943
            ],
            [
              -6.2705561,
              53.394645908
            ],
            [
              -6.2705373028,
              53.3946446471
            ],
            [
              -6.2704809915,
              53.3946511107
            ],
            [
              -6.2704548938,
              53.3946647524
            ],
            [
              -6.2704315629,
              53.3946896679
            ],
            [
              -6.2704200089,
              53.3947116086
            ],
            [
              -6.2704135359,
              53.3947305674
            ],
            [
              -6.2704100738,
              53.3947547822
            ],
            [
              -6.2704127978,
              53.3947946342
            ],
            [
              -6.2704186523,
              53.3948184448
            ],
            [
              -6.2704332476,
              53.3948407644
            ],
            [
              -6.2704633115,
              53.3948394026
            ],
            [
              -6.2704820399,
              53.3948515369
            ],
            [
              -6.2705038264,
              53.3948616484
            ],
            [
              -6.2705281899,
              53.3948693707
            ],
            [
              -6.2705543904,
              53.3948746033
            ],
            [
              -6.270777597,
              53.3948959907
            ],
            [
              -6.2709439087,
              53.3949137676
            ],
            [
              -6.2710441763,
              53.3949272626
            ],
            [
              -6.2711433469,
              53.3949433477
            ],
            [
              -6.2712945727,
              53.3949723192
            ],
            [
              -6.2713502614,
              53.3949751028
            ],
            [
              -6.2714411717,
              53.3949716561
            ],
            [
              -6.271508288,
              53.3949831428
            ],
            [
              -6.2716291035,
              53.3950067307
            ],
            [
              -6.2717082127,
              53.3950282766
            ],
            [
              -6.2717355623,
              53.3950449391
            ],
            [
              -6.2717573315,
              53.3950646663
            ],
            [
              -6.2717842839,
              53.3950819521
            ],
            [
              -6.2718154425,
              53.395096423
            ],
            [
              -6.2718695613,
              53.395113473
            ],
            [
              -6.2718821733,
              53.3951174301
            ],
            [
              -6.2719426793,
              53.3950931424
            ],
            [
              -6.2719994634,
              53.3950658349
            ],
            [
              -6.2720522669,
              53.3950357738
            ],
            [
              -6.2721007071,
              53.3950032229
            ],
            [
              -6.2721442846,
              53.394968265
            ],
            [
              -6.272182737,
              53.3949312558
            ],
            [
              -6.2721844208,
              53.3949294828
            ],
            [
              -6.2722229532,
              53.3948904975
            ],
            [
              -6.2722050667,
              53.394885116
            ],
            [
              -6.2722415036,
              53.394851942
            ],
            [
              -6.2722748016,
              53.3948136
            ],
            [
              -6.2722600937,
              53.3948093429
            ],
            [
              -6.2723446437,
              53.3946659653
            ],
            [
              -6.2723457766,
              53.3946563655
            ],
            [
              -6.2723404396,
              53.3946473013
            ],
            [
              -6.2723321213,
              53.3946414292
            ],
            [
              -6.272178272,
              53.3945670365
            ],
            [
              -6.2717981867,
              53.3943716383
            ],
            [
              -6.2717677178,
              53.3943615811
            ],
            [
              -6.2717455635,
              53.3943574858
            ],
            [
              -6.2717225782,
              53.3943555353
            ],
            [
              -6.271687922,
              53.3943570107
            ],
            [
              -6.2712081065,
              53.3944470329
            ],
            [
              -6.2712025584,
              53.3944370668
            ],
            [
              -6.2711886809,
              53.3944123312
            ],
            [
              -6.2711536389,
              53.394349903
            ],
            [
              -6.2711439243,
              53.3943325971
            ],
            [
              -6.2710940689,
              53.3943419405
            ],
            [
              -6.2710142193,
              53.3943570505
            ],
            [
              -6.271009732,
              53.3943484478
            ]
          ]
        ],
        "type": "Polygon"
      },
      "properties": {
        "address": "187-279 Silloge Road, Ballymun, Dublin 9",
        "date_registered": "2018-05-17",
        "folio_reference": "869",
        "linked_planning_ref_count": 4,
        "owner_address": "Civic Offices, Wood Quay, Dublin 8, D08 RF3F",
        "ownership": "Dublin City Council",
        "planning_applications": [
          {
            "app_type": "LAW",
            "applicant": "Environment & Transportation Department",
            "council_confirmed": true,
            "decision": "City Council - Approved",
            "decision_date": "2018-04-10",
            "outcome": "Other",
            "overlap_pct": 2.9,
            "plan_ref": "4509/17",
            "planning_portal_url": "https://webapps.dublincity.ie/PublicAccess_Live/SearchResult/RunThirdPartySearch?FileSystemId=PL&Folder1_Ref=4509%2F17",
            "proposal": "LAW: Planning and Development Act 2000 (as amended",
            "register_number": "VS-0407",
            "registration_date": "2017-12-14"
          },
          {
            "app_type": "Permission",
            "applicant": "Ballymun Regeneration Ltd.",
            "council_confirmed": true,
            "decision": "GRANT PERMISSION",
            "decision_date": "2012-01-03",
            "outcome": "Granted",
            "overlap_pct": 96.1,
            "plan_ref": "3533/11",
            "planning_portal_url": "https://webapps.dublincity.ie/PublicAccess_Live/SearchResult/RunThirdPartySearch?FileSystemId=PL&Folder1_Ref=3533%2F11",
            "proposal": "Demolish by mechanical means & controlled explosiv",
            "register_number": "VS-0407",
            "registration_date": "2011-11-07"
          },
          {
            "app_type": "Permission",
            "applicant": "Ballymun Regeneration Ltd",
            "council_confirmed": true,
            "decision": "APPLICATION DECLARED INVA",
            "decision_date": "2008-01-30",
            "outcome": "Granted",
            "overlap_pct": 0.0,
            "plan_ref": "1213/08",
            "planning_portal_url": "https://webapps.dublincity.ie/PublicAccess_Live/SearchResult/RunThirdPartySearch?FileSystemId=PL&Folder1_Ref=1213%2F08",
            "proposal": "Demolish 1-48 Silloge Avenue using controlled expl",
            "register_number": "VS-0407",
            "registration_date": "2008-01-24"
          },
          {
            "app_type": "Permission",
            "applicant": "Ballymun Regeneration Ltd.",
            "council_confirmed": true,
            "decision": "GRANT PERMISSION",
            "decision_date": "2005-04-27",
            "outcome": "Granted",
            "overlap_pct": 20.0,
            "plan_ref": "1837/05",
            "planning_portal_url": "https://webapps.dublincity.ie/PublicAccess_Live/SearchResult/RunThirdPartySearch?FileSystemId=PL&Folder1_Ref=1837%2F05",
            "proposal": "Development of 135 dwellings, etc...",
            "register_number": "VS-0407",
            "registration_date": "2005-03-08"
          }
        ],
        "priority_code": 11,
        "register_number": "VS-0407",
        "register_status": "Vacant - Suitable - DCC",
        "valuation": 900000,
        "valuation_date": "2021-08-03"
      },
      "type": "Feature"
    },
    {
      "geometry": {
        "coordinates": [
          [
            [
              -6.287231329,
              53.3772441689
            ],
            [
              -6.2870819405,
              53.377284983
            ],
            [
              -6.2870364762,
              53.3772411028
            ],
            [
              -6.2869748774,
              53.3771946544
            ],
            [
              -6.2868356309,
              53.377093978
            ],
            [
              -6.2865624653,
              53.3771520673
            ],
            [
              -6.2864455205,
              53.3771627904
            ],
            [
              -6.2864403813,
              53.3771673
            ],
            [
              -6.2864080076,
              53.3771555115
            ],
            [
              -6.2863672471,
              53.3771365029
            ],
            [
              -6.2863399523,
              53.3771155306
            ],
            [
              -6.2862114198,
              53.3769888551
            ],
            [
              -6.28619927,
              53.3769920058
            ],
            [
              -6.2860119001,
              53.3768119109
            ],
            [
              -6.2860708168,
              53.3767800442
            ],
            [
              -6.2861366922,
              53.3767384815
            ],
            [
              -6.2862728095,
              53.3766515542
            ],
            [
              -6.286376438,
              53.3765834825
            ],
            [
              -6.2864724415,
              53.376535522
            ],
            [
              -6.2865657304,
              53.3764965095
            ],
            [
              -6.2866181224,
              53.3765468701
            ],
            [
              -6.286669651,
              53.3765971285
            ],
            [
              -6.2868391631,
              53.3767527908
            ],
            [
              -6.2868960576,
              53.3768083386
            ],
            [
              -6.2869164009,
              53.3768295704
            ],
            [
              -6.2869607897,
              53.3768817032
            ],
            [
              -6.2870653659,
              53.3770030913
            ],
            [
              -6.2872150987,
              53.3772223671
            ],
            [
              -6.287231329,
              53.3772441689
            ]
          ]
        ],
        "type": "Polygon"
      },
      "properties": {
        "address": "Site on Finglas Road, formerly The Royal Oak, Glasnevin, Dublin 11",
        "date_registered": "2022-04-05",
        "folio_reference": "DN163227F",
        "linked_planning_ref_count": 7,
        "owner_address": "No. 1 The Mash House, Distillery Road, Dublin 3",
        "ownership": "Three Castle Investments Limited",
        "planning_applications": [
          {
            "app_type": "Permission                              ",
            "applicant": "Zirbac DLK Limited",
            "council_confirmed": true,
            "decision": "GRANT PERMISSION         ",
            "decision_date": "2025-11-03",
            "outcome": "Granted",
            "overlap_pct": 86.6,
            "plan_ref": "WEB2288/25",
            "planning_portal_url": "https://webapps.dublincity.ie/PublicAccess_Live/SearchResult/RunThirdPartySearch?FileSystemId=PL&Folder1_Ref=WEB2288%2F25",
            "proposal": "(i) removal of existing carpark, associated areas of hard-standing surface and",
            "register_number": "VS-0429",
            "registration_date": "2025-10-07"
          },
          {
            "app_type": "Permission",
            "applicant": "LDC Developments Ltd",
            "council_confirmed": true,
            "decision": "REFUSE PERMISSION",
            "decision_date": "2017-07-06",
            "outcome": "Refused",
            "overlap_pct": 95.0,
            "plan_ref": "2458/17",
            "planning_portal_url": "https://webapps.dublincity.ie/PublicAccess_Live/SearchResult/RunThirdPartySearch?FileSystemId=PL&Folder1_Ref=2458%2F17",
            "proposal": "Construction of 69 apartments in two five storey b",
            "register_number": "VS-0429",
            "registration_date": "2017-06-09"
          },
          {
            "app_type": "Permission",
            "applicant": "M Doran, M Doran & K Featherston",
            "council_confirmed": true,
            "decision": "GRANT PERMISSION",
            "decision_date": "2007-07-02",
            "outcome": "Granted",
            "overlap_pct": 94.0,
            "plan_ref": "6360/06",
            "planning_portal_url": "https://webapps.dublincity.ie/PublicAccess_Live/SearchResult/RunThirdPartySearch?FileSystemId=PL&Folder1_Ref=6360%2F06",
            "proposal": "Replace former Public House with a residential dev",
            "register_number": "VS-0429",
            "registration_date": "2007-06-05"
          },
          {
            "app_type": "Permission",
            "applicant": "Michael Doran, M Doran, K Featherston",
            "council_confirmed": true,
            "decision": "APPLICATION DECLARED INVA",
            "decision_date": "2006-11-27",
            "outcome": "Granted",
            "overlap_pct": 94.9,
            "plan_ref": "6053/06",
            "planning_portal_url": "https://webapps.dublincity.ie/PublicAccess_Live/SearchResult/RunThirdPartySearch?FileSystemId=PL&Folder1_Ref=6053%2F06",
            "proposal": "Replace former public house with a residential dev",
            "register_number": "VS-0429",
            "registration_date": "2006-11-13"
          },
          {
            "app_type": "Permission",
            "applicant": "Ashgrange Holdings & J & G Stafford",
            "council_confirmed": true,
            "decision": "GRANT PERMISSION",
            "decision_date": "2004-06-29",
            "outcome": "Granted",
            "overlap_pct": 86.2,
            "plan_ref": "5909/03",
            "planning_portal_url": "https://webapps.dublincity.ie/PublicAccess_Live/SearchResult/RunThirdPartySearch?FileSystemId=PL&Folder1_Ref=5909%2F03",
            "proposal": "Demolition of existing/Construction of mixed devel",
            "register_number": "VS-0429",
            "registration_date": "2004-06-01"
          },
          {
            "app_type": "Permission",
            "applicant": "Ashrange Holdings and G & F Stafford",
            "council_confirmed": true,
            "decision": "GRANT PERMISSION",
            "decision_date": "2001-12-14",
            "outcome": "Granted",
            "overlap_pct": 95.0,
            "plan_ref": "4279/00",
            "planning_portal_url": "https://webapps.dublincity.ie/PublicAccess_Live/SearchResult/RunThirdPartySearch?FileSystemId=PL&Folder1_Ref=4279%2F00",
            "proposal": "Demolition of existing licensed premises and repla",
            "register_number": "VS-0429",
            "registration_date": "2001-10-26"
          },
          {
            "app_type": "Permission",
            "applicant": "Ashgrange Holdings & G & J Stafford",
            "council_confirmed": true,
            "decision": "APPLICATION WITHDRAWN",
            "decision_date": "2003-02-07",
            "outcome": "Other",
            "overlap_pct": 96.5,
            "plan_ref": "4582/02",
            "planning_portal_url": "https://webapps.dublincity.ie/PublicAccess_Live/SearchResult/RunThirdPartySearch?FileSystemId=PL&Folder1_Ref=4582%2F02",
            "proposal": "Demolition of existing licensed premises & replace",
            "register_number": "VS-0429",
            "registration_date": null
          }
        ],
        "priority_code": 1,
        "register_number": "VS-0429",
        "register_status": "Vacant - Suitable",
        "valuation": 1500000,
        "valuation_date": "2022-04-05"
      },
      "type": "Feature"
    },
    {
      "geometry": {
        "coordinates": [
          [
            [
              -6.2719121639,
              53.3627202413
            ],
            [
              -6.271504652,
              53.3626583497
            ],
            [
              -6.271531227,
              53.3625712005
            ],
            [
              -6.2715458945,
              53.3625731205
            ],
            [
              -6.2715638873,
              53.3625235028
            ],
            [
              -6.2716108015,
              53.3624022276
            ],
            [
              -6.2719612571,
              53.3624410047
            ],
            [
              -6.2719604344,
              53.3624460255
            ],
            [
              -6.2720072323,
              53.3624745632
            ],
            [
              -6.2720854535,
              53.3624798299
            ],
            [
              -6.2720828356,
              53.3624894082
            ],
            [
              -6.2720774392,
              53.3625064055
            ],
            [
              -6.2720664935,
              53.3625411168
            ],
            [
              -6.2720541061,
              53.3625838957
            ],
            [
              -6.2720400473,
              53.3626312338
            ],
            [
              -6.2719988748,
              53.3626259643
            ],
            [
              -6.2719295291,
              53.3626157034
            ],
            [
              -6.2719227493,
              53.3626423867
            ],
            [
              -6.2719166026,
              53.3626595529
            ],
            [
              -6.2719386458,
              53.3626629277
            ],
            [
              -6.2719121639,
              53.3627202413
            ]
          ]
        ],
        "type": "Polygon"
      },
      "properties": {
        "address": "Rear of 134-139 Phibsborough Road, Devery's Lane, Phibsborough, Dublin 7",
        "date_registered": "2018-05-17",
        "folio_reference": "DN204462F; DN154856L",
        "linked_planning_ref_count": 9,
        "owner_address": "30 Leeson Park, Dublin 6",
        "ownership": "Paul Newman and Keith Lowe, owners in Trust",
        "planning_applications": [
          {
            "app_type": "Permission",
            "applicant": "Keith Lowe and Paul Newman",
            "council_confirmed": true,
            "decision": "GRANT PERMISSION",
            "decision_date": "2024-10-23",
            "outcome": "Granted",
            "overlap_pct": 94.5,
            "plan_ref": "3261/24",
            "planning_portal_url": "https://webapps.dublincity.ie/PublicAccess_Live/SearchResult/RunThirdPartySearch?FileSystemId=PL&Folder1_Ref=3261%2F24",
            "proposal": "For the demolition of the existing single storey b",
            "register_number": "VS-0449",
            "registration_date": "2024-09-26"
          },
          {
            "app_type": "Permission",
            "applicant": "Keith Lowe and Paul Newman",
            "council_confirmed": true,
            "decision": "APPLICATION DECLARED INVA",
            "decision_date": "2024-02-20",
            "outcome": "Granted",
            "overlap_pct": 94.5,
            "plan_ref": "3218/24",
            "planning_portal_url": "https://webapps.dublincity.ie/PublicAccess_Live/SearchResult/RunThirdPartySearch?FileSystemId=PL&Folder1_Ref=3218%2F24",
            "proposal": "Permission for the demolition of the existing sing",
            "register_number": "VS-0449",
            "registration_date": "2024-02-16"
          },
          {
            "app_type": "Permission",
            "applicant": "Danestone Limited",
            "council_confirmed": true,
            "decision": "GRANT PERMISSION",
            "decision_date": "2017-09-27",
            "outcome": "Granted",
            "overlap_pct": 94.5,
            "plan_ref": "3573/17",
            "planning_portal_url": "https://webapps.dublincity.ie/PublicAccess_Live/SearchResult/RunThirdPartySearch?FileSystemId=PL&Folder1_Ref=3573%2F17",
            "proposal": "Demolition of existing single storey building and",
            "register_number": "VS-0449",
            "registration_date": "2017-08-03"
          },
          {
            "app_type": "Permission",
            "applicant": "Paul O'Brien",
            "council_confirmed": true,
            "decision": "REFUSE PERMISSION",
            "decision_date": "2014-04-15",
            "outcome": "Refused",
            "overlap_pct": 5.7,
            "plan_ref": "2267/14",
            "planning_portal_url": "https://webapps.dublincity.ie/PublicAccess_Live/SearchResult/RunThirdPartySearch?FileSystemId=PL&Folder1_Ref=2267%2F14",
            "proposal": "Demolition of existing first floor facade & other",
            "register_number": "VS-0449",
            "registration_date": "2014-02-24"
          },
          {
            "app_type": "Permission",
            "applicant": "Paul Newman & Keith Lowe",
            "council_confirmed": true,
            "decision": "GRANT PERMISSION",
            "decision_date": "2007-07-17",
            "outcome": "Granted",
            "overlap_pct": 4.2,
            "plan_ref": "6211/06",
            "planning_portal_url": "https://webapps.dublincity.ie/PublicAccess_Live/SearchResult/RunThirdPartySearch?FileSystemId=PL&Folder1_Ref=6211%2F06",
            "proposal": "Retention works and development of completion work",
            "register_number": "VS-0449",
            "registration_date": "2007-06-21"
          },
          {
            "app_type": "Permission",
            "applicant": "Keith Lowe",
            "council_confirmed": true,
            "decision": "GRANT PERMISSION",
            "decision_date": "2002-10-31",
            "outcome": "Granted",
            "overlap_pct": 4.2,
            "plan_ref": "2980/02",
            "planning_portal_url": "https://webapps.dublincity.ie/PublicAccess_Live/SearchResult/RunThirdPartySearch?FileSystemId=PL&Folder1_Ref=2980%2F02",
            "proposal": "Replacement of the existing shop front with a new",
            "register_number": "VS-0449",
            "registration_date": "2002-09-09"
          },
          {
            "app_type": "Permission",
            "applicant": "Douglas Newman Good",
            "council_confirmed": true,
            "decision": "REFUSE PERMISSION",
            "decision_date": "2002-02-15",
            "outcome": "Refused",
            "overlap_pct": 4.2,
            "plan_ref": "3858/01",
            "planning_portal_url": "https://webapps.dublincity.ie/PublicAccess_Live/SearchResult/RunThirdPartySearch?FileSystemId=PL&Folder1_Ref=3858%2F01",
            "proposal": "Demolition of existing two storey building and con",
            "register_number": "VS-0449",
            "registration_date": "2001-12-21"
          },
          {
            "app_type": "Permission",
            "applicant": "Rabbitte Catering Ltd.,",
            "council_confirmed": true,
            "decision": "REFUSE PERMISSION",
            "decision_date": "2000-08-09",
            "outcome": "Refused",
            "overlap_pct": 94.0,
            "plan_ref": "1832/00",
            "planning_portal_url": "https://webapps.dublincity.ie/PublicAccess_Live/SearchResult/RunThirdPartySearch?FileSystemId=PL&Folder1_Ref=1832%2F00",
            "proposal": "Retain single storey store in enclosed yard.",
            "register_number": "VS-0449",
            "registration_date": "2000-06-12"
          },
          {
            "app_type": "Permission",
            "applicant": "Douglas Newman Good,",
            "council_confirmed": true,
            "decision": "REFUSE PERMISSION",
            "decision_date": "1997-08-28",
            "outcome": "Refused",
            "overlap_pct": 4.2,
            "plan_ref": "1631/97",
            "planning_portal_url": "https://webapps.dublincity.ie/PublicAccess_Live/SearchResult/RunThirdPartySearch?FileSystemId=PL&Folder1_Ref=1631%2F97",
            "proposal": "Retain the change of use from a shop to auctioneer",
            "register_number": "VS-0449",
            "registration_date": "1997-06-30"
          }
        ],
        "priority_code": 1,
        "register_number": "VS-0449",
        "register_status": "Vacant - Suitable",
        "valuation": 650000,
        "valuation_date": "2021-08-03"
      },
      "type": "Feature"
    },
    {
      "geometry": {
        "coordinates": [
          [
            [
              -6.2891899173,
              53.36639596
            ],
            [
              -6.289202566,
              53.3663617209
            ],
            [
              -6.2892022787,
              53.3663627053
            ],
            [
              -6.2894095573,
              53.3663791573
            ],
            [
              -6.2894270069,
              53.3662034409
            ],
            [
              -6.2894322989,
              53.3661424947
            ],
            [
              -6.289434396,
              53.3661179901
            ],
            [
              -6.2895397082,
              53.3660627913
            ],
            [
              -6.2895395844,
              53.3660627896
            ],
            [
              -6.289652521,
              53.366009048
            ],
            [
              -6.2897472093,
              53.3659282634
            ],
            [
              -6.2900538058,
              53.3661659608
            ],
            [
              -6.290043788,
              53.3661716588
            ],
            [
              -6.2897845704,
              53.3665578025
            ],
            [
              -6.2897022725,
              53.3666819026
            ],
            [
              -6.2893677412,
              53.3671815508
            ],
            [
              -6.2892856934,
              53.3672931622
            ],
            [
              -6.2892079235,
              53.3673784129
            ],
            [
              -6.2892007935,
              53.3673831636
            ],
            [
              -6.2891876078,
              53.3673998703
            ],
            [
              -6.289007948,
              53.3675383014
            ],
            [
              -6.2889516995,
              53.3675194309
            ],
            [
              -6.2889509384,
              53.3675198694
            ],
            [
              -6.2889510464,
              53.3675171748
            ],
            [
              -6.2889596094,
              53.3675075916
            ],
            [
              -6.288978545,
              53.3674865638
            ],
            [
              -6.2889935169,
              53.3674036482
            ],
            [
              -6.2890131942,
              53.3672960857
            ],
            [
              -6.2890206747,
              53.3672547627
            ],
            [
              -6.2890281335,
              53.3672139785
            ],
            [
              -6.2890354469,
              53.3671737315
            ],
            [
              -6.2890432291,
              53.3671310647
            ],
            [
              -6.2890592656,
              53.3670432216
            ],
            [
              -6.2890732457,
              53.3669664928
            ],
            [
              -6.2890809882,
              53.3669248141
            ],
            [
              -6.2890881812,
              53.3668844755
            ],
            [
              -6.2890953239,
              53.3668453943
            ],
            [
              -6.2891027646,
              53.3668050593
            ],
            [
              -6.2891101693,
              53.3667656224
            ],
            [
              -6.289117556,
              53.3667266346
            ],
            [
              -6.2891252804,
              53.3666854049
            ],
            [
              -6.2891374119,
              53.3666207822
            ],
            [
              -6.2891493045,
              53.3665590319
            ],
            [
              -6.2891575781,
              53.3665164621
            ],
            [
              -6.2891715144,
              53.3664779277
            ],
            [
              -6.2891857162,
              53.3664389477
            ],
            [
              -6.2891744964,
              53.3664375287
            ],
            [
              -6.2891899173,
              53.36639596
            ]
          ]
        ],
        "type": "Polygon"
      },
      "properties": {
        "address": "2A Faussagh Avenue and site to rear, Dublin 7",
        "date_registered": "2019-08-26",
        "folio_reference": "Unregistered",
        "linked_planning_ref_count": 5,
        "owner_address": "1st Floor, Sixty Circular Road, Douglas, IM1 1AE, Isle of Man",
        "ownership": "R & D Developments Limited",
        "planning_applications": [
          {
            "app_type": "Large Residential Development-3         ",
            "applicant": "R&D Developments Ltd(inReceivership)Gran",
            "council_confirmed": true,
            "decision": "GRANT PERMISSION         ",
            "decision_date": "2026-05-21",
            "outcome": "Granted",
            "overlap_pct": 97.5,
            "plan_ref": "WEBLRD6094/26-S3",
            "planning_portal_url": "https://webapps.dublincity.ie/PublicAccess_Live/SearchResult/RunThirdPartySearch?FileSystemId=PL&Folder1_Ref=WEBLRD6094%2F26-S3",
            "proposal": "R & D Developments Limited (in Receivership), Grant Thornton intends to apply f",
            "register_number": "VS-0453",
            "registration_date": "2026-04-24"
          },
          {
            "app_type": "Permission",
            "applicant": "Sequana Assets Ltd",
            "council_confirmed": true,
            "decision": "GRANT PERMISSION",
            "decision_date": "2017-03-29",
            "outcome": "Granted",
            "overlap_pct": 88.5,
            "plan_ref": "3420/16",
            "planning_portal_url": "https://webapps.dublincity.ie/PublicAccess_Live/SearchResult/RunThirdPartySearch?FileSystemId=PL&Folder1_Ref=3420%2F16",
            "proposal": "Development of 19 no. residential units & 1 retail",
            "register_number": "VS-0453",
            "registration_date": "2017-03-02"
          },
          {
            "app_type": "Permission",
            "applicant": "Padraig McCormack & Derek Page",
            "council_confirmed": true,
            "decision": "GRANT PERMISSION",
            "decision_date": "2004-09-16",
            "outcome": "Granted",
            "overlap_pct": 92.9,
            "plan_ref": "3942/04",
            "planning_portal_url": "https://webapps.dublincity.ie/PublicAccess_Live/SearchResult/RunThirdPartySearch?FileSystemId=PL&Folder1_Ref=3942%2F04",
            "proposal": "3 storey development over basement car park compri",
            "register_number": "VS-0453",
            "registration_date": "2004-07-27"
          },
          {
            "app_type": "Permission",
            "applicant": "P. McCormach and D. Page",
            "council_confirmed": true,
            "decision": "APPLICATION WITHDRAWN",
            "decision_date": "2004-05-28",
            "outcome": "Other",
            "overlap_pct": 93.0,
            "plan_ref": "4915/03",
            "planning_portal_url": "https://webapps.dublincity.ie/PublicAccess_Live/SearchResult/RunThirdPartySearch?FileSystemId=PL&Folder1_Ref=4915%2F03",
            "proposal": "3 storey development over basement comprising of 3",
            "register_number": "VS-0453",
            "registration_date": "2003-10-08"
          },
          {
            "app_type": "Permission",
            "applicant": "Padraig McCormack & Derek Page",
            "council_confirmed": true,
            "decision": "APPLICATION WITHDRAWN",
            "decision_date": "2002-07-04",
            "outcome": "Other",
            "overlap_pct": 91.9,
            "plan_ref": "0730/02",
            "planning_portal_url": "https://webapps.dublincity.ie/PublicAccess_Live/SearchResult/RunThirdPartySearch?FileSystemId=PL&Folder1_Ref=0730%2F02",
            "proposal": "construction of a 3,4 and 5 storey apartment compl",
            "register_number": "VS-0453",
            "registration_date": null
          }
        ],
        "priority_code": 1,
        "register_number": "VS-0453",
        "register_status": "Vacant - Suitable",
        "valuation": 5300000,
        "valuation_date": "2022-08-29"
      },
      "type": "Feature"
    },
    {
      "geometry": {
        "coordinates": [
          [
            [
              -6.2965543548,
              53.3540215323
            ],
            [
              -6.2965615335,
              53.3540123781
            ],
            [
              -6.2965614061,
              53.3540124662
            ],
            [
              -6.2965670632,
              53.354004189
            ],
            [
              -6.2965758137,
              53.3539929003
            ],
            [
              -6.2966065074,
              53.3539532562
            ],
            [
              -6.2967162704,
              53.3539749541
            ],
            [
              -6.2966443312,
              53.3540672129
            ],
            [
              -6.2965923831,
              53.3541365703
            ],
            [
              -6.2965618207,
              53.3541822376
            ],
            [
              -6.2963829511,
              53.3544923437
            ],
            [
              -6.2962672553,
              53.3546938892
            ],
            [
              -6.2961305785,
              53.3549337793
            ],
            [
              -6.2960048025,
              53.3551612431
            ],
            [
              -6.2959185849,
              53.3553162967
            ],
            [
              -6.2958335313,
              53.3554701088
            ],
            [
              -6.2957971092,
              53.355535284
            ],
            [
              -6.2957808419,
              53.3555579686
            ],
            [
              -6.2957431299,
              53.3555995793
            ],
            [
              -6.2957076714,
              53.355634392
            ],
            [
              -6.2956887214,
              53.3556249545
            ],
            [
              -6.2956710089,
              53.3556031326
            ],
            [
              -6.2953871505,
              53.3555386848
            ],
            [
              -6.2954518098,
              53.3554147782
            ],
            [
              -6.2955475172,
              53.3552392801
            ],
            [
              -6.2955446261,
              53.3552341162
            ],
            [
              -6.2957279143,
              53.3548662877
            ],
            [
              -6.2957645454,
              53.3547927575
            ],
            [
              -6.2957797792,
              53.3547773376
            ],
            [
              -6.2958016972,
              53.3547589576
            ],
            [
              -6.2958884947,
              53.3546856046
            ],
            [
              -6.2959781091,
              53.3546099552
            ],
            [
              -6.2960229853,
              53.3545719517
            ],
            [
              -6.2960904303,
              53.3545147686
            ],
            [
              -6.2962127489,
              53.3544111869
            ],
            [
              -6.2961778571,
              53.3543914564
            ],
            [
              -6.2962887111,
              53.3543206035
            ],
            [
              -6.2963209963,
              53.3542969792
            ],
            [
              -6.2963778936,
              53.3542495311
            ],
            [
              -6.2963896085,
              53.3542384645
            ],
            [
              -6.2964840964,
              53.3541120175
            ],
            [
              -6.2965144797,
              53.3540708412
            ],
            [
              -6.2965259019,
              53.3540577933
            ],
            [
              -6.2965543548,
              53.3540215323
            ]
          ]
        ],
        "type": "Polygon"
      },
      "properties": {
        "address": "Site adjacent to Marlborough Court (bounded by Marlborough Mews), Dublin 7",
        "date_registered": "2017-07-28",
        "folio_reference": "Unregistered",
        "linked_planning_ref_count": 4,
        "owner_address": "C/O ASM Accountants, Quayside Business Park, Mill Street, Dundalk, Co. Louth",
        "ownership": "Fairfield Road Property Limited",
        "planning_applications": [
          {
            "app_type": "Permission                              ",
            "applicant": "Marlborough Property Ventures Ltd",
            "council_confirmed": true,
            "decision": "ADDITIONAL INFORMATION   ",
            "decision_date": "2026-08-10",
            "outcome": "Other",
            "overlap_pct": 91.0,
            "plan_ref": "WEB2510/26",
            "planning_portal_url": "https://webapps.dublincity.ie/PublicAccess_Live/SearchResult/RunThirdPartySearch?FileSystemId=PL&Folder1_Ref=WEB2510%2F26",
            "proposal": "The proposed development will consist of modifications to the permitted apartme",
            "register_number": "VS-0455",
            "registration_date": "2026-06-17"
          },
          {
            "app_type": "Permission                              ",
            "applicant": "Marlborough Property Adventures Ltd",
            "council_confirmed": true,
            "decision": "APPLICATION DECLARED INVA",
            "decision_date": "2026-06-16",
            "outcome": "Granted",
            "overlap_pct": 91.0,
            "plan_ref": "WEB2467/26",
            "planning_portal_url": "https://webapps.dublincity.ie/PublicAccess_Live/SearchResult/RunThirdPartySearch?FileSystemId=PL&Folder1_Ref=WEB2467%2F26",
            "proposal": "The proposed development will consist of modifications to the permitted apartme",
            "register_number": "VS-0455",
            "registration_date": "2026-06-12"
          },
          {
            "app_type": "Permission",
            "applicant": "Fairfield Road Property Ltd.",
            "council_confirmed": true,
            "decision": "GRANT PERMISSION",
            "decision_date": "2023-06-07",
            "outcome": "Granted",
            "overlap_pct": 91.3,
            "plan_ref": "5046/22",
            "planning_portal_url": "https://webapps.dublincity.ie/PublicAccess_Live/SearchResult/RunThirdPartySearch?FileSystemId=PL&Folder1_Ref=5046%2F22",
            "proposal": "Planning for development at a 0.2789 hectare site",
            "register_number": "VS-0455",
            "registration_date": "2023-05-11"
          },
          {
            "app_type": "Permission",
            "applicant": "Fairfield Road Property Ltd",
            "council_confirmed": true,
            "decision": "REFUSE PERMISSION",
            "decision_date": "2020-12-04",
            "outcome": "Refused",
            "overlap_pct": 90.3,
            "plan_ref": "4582/19",
            "planning_portal_url": "https://webapps.dublincity.ie/PublicAccess_Live/SearchResult/RunThirdPartySearch?FileSystemId=PL&Folder1_Ref=4582%2F19",
            "proposal": "Planning for development at 0.2789 hectare site lo",
            "register_number": "VS-0455",
            "registration_date": "2020-11-09"
          }
        ],
        "priority_code": 1,
        "register_number": "VS-0455",
        "register_status": "Vacant - Suitable",
        "valuation": 1150000,
        "valuation_date": "2021-04-01"
      },
      "type": "Feature"
    },
    {
      "geometry": {
        "coordinates": [
          [
            [
              -6.2909316839,
              53.3706690939
            ],
            [
              -6.2907540737,
              53.3706168519
            ],
            [
              -6.290570871,
              53.3705557222
            ],
            [
              -6.2901451063,
              53.3704272193
            ],
            [
              -6.2899124049,
              53.3703580999
            ],
            [
              -6.2898504944,
              53.3703381602
            ],
            [
              -6.2897769128,
              53.3703125712
            ],
            [
              -6.2896953566,
              53.3702787794
            ],
            [
              -6.2896951124,
              53.3702786861
            ],
            [
              -6.2896913339,
              53.3702771041
            ],
            [
              -6.2895898412,
              53.3702305346
            ],
            [
              -6.2895671681,
              53.3702613048
            ],
            [
              -6.2895476276,
              53.3702912212
            ],
            [
              -6.289547624,
              53.370291311
            ],
            [
              -6.2894811495,
              53.3702646553
            ],
            [
              -6.289314466,
              53.3701934254
            ],
            [
              -6.2889788193,
              53.3700491346
            ],
            [
              -6.2888559103,
              53.3699927312
            ],
            [
              -6.2888298703,
              53.3700147355
            ],
            [
              -6.288729864,
              53.369965131
            ],
            [
              -6.2887976351,
              53.3699161348
            ],
            [
              -6.288841626,
              53.3699378851
            ],
            [
              -6.2891096781,
              53.3697494953
            ],
            [
              -6.2894899935,
              53.3696728054
            ],
            [
              -6.2895528497,
              53.3696474641
            ],
            [
              -6.2895622854,
              53.3696563168
            ],
            [
              -6.2901429484,
              53.3694260316
            ],
            [
              -6.2902482111,
              53.3693877271
            ],
            [
              -6.2902746175,
              53.3694153361
            ],
            [
              -6.2904013132,
              53.3695319158
            ],
            [
              -6.290473708,
              53.3695964014
            ],
            [
              -6.2905166716,
              53.3696314372
            ],
            [
              -6.2905229144,
              53.3696364695
            ],
            [
              -6.290554073,
              53.3696599226
            ],
            [
              -6.2905655015,
              53.3696685342
            ],
            [
              -6.2906278762,
              53.3697140033
            ],
            [
              -6.2908013838,
              53.3698283771
            ],
            [
              -6.2909016303,
              53.3698875096
            ],
            [
              -6.2909835416,
              53.3699310117
            ],
            [
              -6.2910656041,
              53.3699707412
            ],
            [
              -6.2911690508,
              53.3700180564
            ],
            [
              -6.2913002673,
              53.3700713411
            ],
            [
              -6.2913089355,
              53.3700746107
            ],
            [
              -6.2910961852,
              53.3703986928
            ],
            [
              -6.2911083108,
              53.3704022815
            ],
            [
              -6.2911256241,
              53.370406304
            ],
            [
              -6.2909316839,
              53.3706690939
            ]
          ]
        ],
        "type": "Polygon"
      },
      "properties": {
        "address": "Site opposite 91-119 Bannow Road, Cabra, Dublin 7 (formerly Premier Chickens Ltd. factory and adjacent site)",
        "date_registered": "2018-05-17",
        "folio_reference": "Unregistered",
        "linked_planning_ref_count": 5,
        "owner_address": "Civic Offices, Wood Quay, Dublin 8, D08 RF3F",
        "ownership": "Dublin City Council",
        "planning_applications": [
          {
            "app_type": "LAW                                     ",
            "applicant": "Dublin City Council",
            "council_confirmed": true,
            "decision": "City Council - Approved  ",
            "decision_date": "2025-12-01",
            "outcome": "Other",
            "overlap_pct": 95.3,
            "plan_ref": "3367/25",
            "planning_portal_url": "https://webapps.dublincity.ie/PublicAccess_Live/SearchResult/RunThirdPartySearch?FileSystemId=PL&Folder1_Ref=3367%2F25",
            "proposal": "LAW:construction of 144 no. apartments and associated development at site 1.16Ha",
            "register_number": "VS-0461",
            "registration_date": "2025-09-01"
          },
          {
            "app_type": "Permission",
            "applicant": "Transport Infrastructure Ireland (TII)",
            "council_confirmed": true,
            "decision": "GRANT PERMISSION",
            "decision_date": "2023-12-06",
            "outcome": "Granted",
            "overlap_pct": 3.2,
            "plan_ref": "4295/23",
            "planning_portal_url": "https://webapps.dublincity.ie/PublicAccess_Live/SearchResult/RunThirdPartySearch?FileSystemId=PL&Folder1_Ref=4295%2F23",
            "proposal": "Permission for the installation of solar photovolt",
            "register_number": "VS-0461",
            "registration_date": "2023-11-10"
          },
          {
            "app_type": "Permission",
            "applicant": "Valeo Foods Ireland Ltd",
            "council_confirmed": true,
            "decision": "GRANT PERMISSION",
            "decision_date": "2020-07-17",
            "outcome": "Granted",
            "overlap_pct": 45.8,
            "plan_ref": "WEB1242/20",
            "planning_portal_url": "https://webapps.dublincity.ie/PublicAccess_Live/SearchResult/RunThirdPartySearch?FileSystemId=PL&Folder1_Ref=WEB1242%2F20",
            "proposal": "The works will consist of the construction of a 99",
            "register_number": "VS-0461",
            "registration_date": "2020-05-05"
          },
          {
            "app_type": "Permission",
            "applicant": "Valeo Foods Ireland Ltd",
            "council_confirmed": true,
            "decision": "APPLICATION DECLARED INVA",
            "decision_date": "2020-04-29",
            "outcome": "Granted",
            "overlap_pct": 45.8,
            "plan_ref": "WEB1204/20",
            "planning_portal_url": "https://webapps.dublincity.ie/PublicAccess_Live/SearchResult/RunThirdPartySearch?FileSystemId=PL&Folder1_Ref=WEB1204%2F20",
            "proposal": "The works will consist of the construction of a 99",
            "register_number": "VS-0461",
            "registration_date": "2020-04-17"
          },
          {
            "app_type": "Permission",
            "applicant": "Batchelors Limited,",
            "council_confirmed": true,
            "decision": "GRANT PERMISSION",
            "decision_date": "1998-12-02",
            "outcome": "Granted",
            "overlap_pct": 96.7,
            "plan_ref": "2553/98",
            "planning_portal_url": "https://webapps.dublincity.ie/PublicAccess_Live/SearchResult/RunThirdPartySearch?FileSystemId=PL&Folder1_Ref=2553%2F98",
            "proposal": "Demolition of older disused buildings and for the",
            "register_number": "VS-0461",
            "registration_date": "1998-09-07"
          }
        ],
        "priority_code": 1,
        "register_number": "VS-0461",
        "register_status": "Vacant - Suitable",
        "valuation": 6000000,
        "valuation_date": "2021-08-03"
      },
      "type": "Feature"
    },
    {
      "geometry": {
        "coordinates": [
          [
            [
              -6.2413026614,
              53.3633432283
            ],
            [
              -6.2410205826,
              53.3633505742
            ],
            [
              -6.2409664555,
              53.3633770972
            ],
            [
              -6.2409581561,
              53.3632507058
            ],
            [
              -6.2409557203,
              53.3631985446
            ],
            [
              -6.2409511131,
              53.363090811
            ],
            [
              -6.2409494825,
              53.3630551979
            ],
            [
              -6.2409458024,
              53.3629670699
            ],
            [
              -6.2409473652,
              53.3628990604
            ],
            [
              -6.2409471535,
              53.3628771287
            ],
            [
              -6.2409466929,
              53.3628401849
            ],
            [
              -6.2409461368,
              53.3627875121
            ],
            [
              -6.2409992124,
              53.3627864971
            ],
            [
              -6.2410143203,
              53.3627867198
            ],
            [
              -6.2410134915,
              53.3627105866
            ],
            [
              -6.2411023135,
              53.3626900572
            ],
            [
              -6.2412662298,
              53.3626543678
            ],
            [
              -6.2413391692,
              53.3626373786
            ],
            [
              -6.2413344237,
              53.3627856861
            ],
            [
              -6.2413267381,
              53.363032449
            ],
            [
              -6.2412946998,
              53.3630852705
            ],
            [
              -6.241300567,
              53.363177475
            ],
            [
              -6.2413081125,
              53.3632138941
            ],
            [
              -6.2413063848,
              53.3632558385
            ],
            [
              -6.2413026614,
              53.3633432283
            ]
          ]
        ],
        "type": "Polygon"
      },
      "properties": {
        "address": "61-65 Fairview Strand, Esmond Avenue, Fairview, Dublin 3",
        "date_registered": "2018-05-17",
        "folio_reference": "Unregistered",
        "linked_planning_ref_count": 8,
        "owner_address": "Sovereign House, No. 4 Christian Road, Douglas, Isle of Man, IM1 2SD",
        "ownership": "Banner A Cuig Limited",
        "planning_applications": [
          {
            "app_type": "Large Residential Development-3",
            "applicant": "Banner A Cuig Limited",
            "council_confirmed": true,
            "decision": "GRANT PERMISSION",
            "decision_date": "2022-12-13",
            "outcome": "Granted",
            "overlap_pct": 92.3,
            "plan_ref": "LRD6015/22-S3",
            "planning_portal_url": "https://webapps.dublincity.ie/PublicAccess_Live/SearchResult/RunThirdPartySearch?FileSystemId=PL&Folder1_Ref=LRD6015%2F22-S3",
            "proposal": "PROTECTED STRUCTURE: Planning permission for devel",
            "register_number": "VS-0501",
            "registration_date": "2022-10-21"
          },
          {
            "app_type": "Permission",
            "applicant": "Banner A Cuig Limited",
            "council_confirmed": true,
            "decision": "REFUSE PERMISSION",
            "decision_date": "2019-02-21",
            "outcome": "Refused",
            "overlap_pct": 91.7,
            "plan_ref": "4679/18",
            "planning_portal_url": "https://webapps.dublincity.ie/PublicAccess_Live/SearchResult/RunThirdPartySearch?FileSystemId=PL&Folder1_Ref=4679%2F18",
            "proposal": "Demolition of an adjoining pair of derelict and va",
            "register_number": "VS-0501",
            "registration_date": "2018-12-19"
          },
          {
            "app_type": "Permission",
            "applicant": "Fairview Builing Company",
            "council_confirmed": true,
            "decision": "GRANT PERMISSION",
            "decision_date": "2007-12-10",
            "outcome": "Granted",
            "overlap_pct": 93.5,
            "plan_ref": "5102/07",
            "planning_portal_url": "https://webapps.dublincity.ie/PublicAccess_Live/SearchResult/RunThirdPartySearch?FileSystemId=PL&Folder1_Ref=5102%2F07",
            "proposal": "in-fill house and subdivision of existing semi-det",
            "register_number": "VS-0501",
            "registration_date": "2007-11-27"
          },
          {
            "app_type": "Permission",
            "applicant": "Fairview Building Company Ltd",
            "council_confirmed": true,
            "decision": "GRANT PERMISSION",
            "decision_date": "2007-10-19",
            "outcome": "Granted",
            "overlap_pct": 93.2,
            "plan_ref": "3291/07",
            "planning_portal_url": "https://webapps.dublincity.ie/PublicAccess_Live/SearchResult/RunThirdPartySearch?FileSystemId=PL&Folder1_Ref=3291%2F07",
            "proposal": "Permission forming part of approved application 11",
            "register_number": "VS-0501",
            "registration_date": "2007-09-26"
          },
          {
            "app_type": "Permission",
            "applicant": "Fairview Building Company Ltd",
            "council_confirmed": true,
            "decision": "APPLICATION DECLARED INVA",
            "decision_date": "2007-05-08",
            "outcome": "Granted",
            "overlap_pct": 93.2,
            "plan_ref": "2836/07",
            "planning_portal_url": "https://webapps.dublincity.ie/PublicAccess_Live/SearchResult/RunThirdPartySearch?FileSystemId=PL&Folder1_Ref=2836%2F07",
            "proposal": "Permission for alterations and extensions to appro",
            "register_number": "VS-0501",
            "registration_date": "2007-04-25"
          },
          {
            "app_type": "Permission",
            "applicant": "Fairview Building Company Ltd",
            "council_confirmed": true,
            "decision": "REFUSE PERMISSION",
            "decision_date": "2006-11-23",
            "outcome": "Refused",
            "overlap_pct": 99.2,
            "plan_ref": "5323/06",
            "planning_portal_url": "https://webapps.dublincity.ie/PublicAccess_Live/SearchResult/RunThirdPartySearch?FileSystemId=PL&Folder1_Ref=5323%2F06",
            "proposal": "erection of advertising signage",
            "register_number": "VS-0501",
            "registration_date": "2006-09-29"
          },
          {
            "app_type": "Permission",
            "applicant": "Fairview Building Company Limited",
            "council_confirmed": true,
            "decision": "GRANT PERMISSION",
            "decision_date": "2006-10-11",
            "outcome": "Granted",
            "overlap_pct": 93.9,
            "plan_ref": "3195/06",
            "planning_portal_url": "https://webapps.dublincity.ie/PublicAccess_Live/SearchResult/RunThirdPartySearch?FileSystemId=PL&Folder1_Ref=3195%2F06",
            "proposal": "changes to approved development (Reg. Ref .Nos. 11",
            "register_number": "VS-0501",
            "registration_date": "2006-09-13"
          },
          {
            "app_type": "Permission",
            "applicant": "Mr. B Murphy,",
            "council_confirmed": true,
            "decision": "GRANT PERMISSION",
            "decision_date": "1997-09-12",
            "outcome": "Granted",
            "overlap_pct": 100.0,
            "plan_ref": "1817/97",
            "planning_portal_url": "https://webapps.dublincity.ie/PublicAccess_Live/SearchResult/RunThirdPartySearch?FileSystemId=PL&Folder1_Ref=1817%2F97",
            "proposal": "Off-street car parking to front garden.",
            "register_number": "VS-0501",
            "registration_date": "1997-07-16"
          }
        ],
        "priority_code": 1,
        "register_number": "VS-0501",
        "register_status": "Vacant - Suitable",
        "valuation": 1500000,
        "valuation_date": "2021-08-03"
      },
      "type": "Feature"
    },
    {
      "geometry": {
        "coordinates": [
          [
            [
              -6.2935958921,
              53.3979424734
            ],
            [
              -6.2932731131,
              53.3978458322
            ],
            [
              -6.2932731095,
              53.397845922
            ],
            [
              -6.2932723371,
              53.3978466299
            ],
            [
              -6.2929663763,
              53.3977388148
            ],
            [
              -6.292674925,
              53.3976372277
            ],
            [
              -6.2925103726,
              53.3975068992
            ],
            [
              -6.2923887366,
              53.3974506981
            ],
            [
              -6.2923795634,
              53.3974475113
            ],
            [
              -6.2922869303,
              53.3974877061
            ],
            [
              -6.2922443044,
              53.3974094486
            ],
            [
              -6.2924762976,
              53.3972336562
            ],
            [
              -6.2926458439,
              53.3970998383
            ],
            [
              -6.292879082,
              53.3969269387
            ],
            [
              -6.2929467502,
              53.396872187
            ],
            [
              -6.2929278421,
              53.3968581665
            ],
            [
              -6.293003983,
              53.396799312
            ],
            [
              -6.2930993252,
              53.3967316551
            ],
            [
              -6.2932584564,
              53.3966162904
            ],
            [
              -6.2933068466,
              53.396578428
            ],
            [
              -6.2933777755,
              53.3965289351
            ],
            [
              -6.2934073483,
              53.3965088675
            ],
            [
              -6.2934606293,
              53.3964696371
            ],
            [
              -6.2936096854,
              53.3964665554
            ],
            [
              -6.2937004568,
              53.3964975998
            ],
            [
              -6.2938473407,
              53.3965705168
            ],
            [
              -6.2938847233,
              53.3965350132
            ],
            [
              -6.2938687211,
              53.396528943
            ],
            [
              -6.2938738798,
              53.396523984
            ],
            [
              -6.2944976452,
              53.3967470576
            ],
            [
              -6.2946331612,
              53.3967941982
            ],
            [
              -6.2946334055,
              53.3967942916
            ],
            [
              -6.2947226588,
              53.3968323234
            ],
            [
              -6.2947339015,
              53.3968643879
            ],
            [
              -6.2947152554,
              53.3968934192
            ],
            [
              -6.2947184652,
              53.3968968801
            ],
            [
              -6.29472195,
              53.3969151735
            ],
            [
              -6.2947220636,
              53.3969588519
            ],
            [
              -6.2947200394,
              53.3969753591
            ],
            [
              -6.2947152329,
              53.396990119
            ],
            [
              -6.2947049031,
              53.3970034519
            ],
            [
              -6.2946950312,
              53.3970146345
            ],
            [
              -6.2946495819,
              53.3970192876
            ],
            [
              -6.2945184865,
              53.3971623751
            ],
            [
              -6.2945372372,
              53.3971865484
            ],
            [
              -6.2945170084,
              53.397208637
            ],
            [
              -6.2944749213,
              53.3972098331
            ],
            [
              -6.2941416826,
              53.3975731793
            ],
            [
              -6.2941619744,
              53.3975960266
            ],
            [
              -6.294142787,
              53.3976168719
            ],
            [
              -6.2940994063,
              53.3976193974
            ],
            [
              -6.2939411585,
              53.3977901357
            ],
            [
              -6.2938924978,
              53.3978533378
            ],
            [
              -6.2939164037,
              53.3978726421
            ],
            [
              -6.293892659,
              53.3978927032
            ],
            [
              -6.2938496567,
              53.3979198585
            ],
            [
              -6.2938187881,
              53.3979319991
            ],
            [
              -6.2937681446,
              53.3979455646
            ],
            [
              -6.2936925119,
              53.3979514035
            ],
            [
              -6.293605175,
              53.3979460211
            ],
            [
              -6.2935963663,
              53.3979430194
            ],
            [
              -6.2935958921,
              53.3979424734
            ]
          ]
        ],
        "type": "Polygon"
      },
      "properties": {
        "address": "Former factory site, Finglas Business Centre, Jamestown Road, Finglas, Dublin 11",
        "date_registered": "2019-04-16",
        "folio_reference": "7728; 5427",
        "linked_planning_ref_count": 6,
        "owner_address": "76 Baggot Street Lower, Dublin 2. D02 EK81",
        "ownership": "Jamestown Village Limited",
        "planning_applications": [
          {
            "app_type": "Large Residential Development-3         ",
            "applicant": "Jamestown Village Limited",
            "council_confirmed": true,
            "decision": "GRANT PERMISSION         ",
            "decision_date": "2025-07-15",
            "outcome": "Granted",
            "overlap_pct": 93.9,
            "plan_ref": "WEBLRD6066/25-S3",
            "planning_portal_url": "https://webapps.dublincity.ie/PublicAccess_Live/SearchResult/RunThirdPartySearch?FileSystemId=PL&Folder1_Ref=WEBLRD6066%2F25-S3",
            "proposal": "We, Jamestown Village Limited, intend to apply for planning permission for devel",
            "register_number": "VS-0542",
            "registration_date": "2025-05-21"
          },
          {
            "app_type": "Permission",
            "applicant": "Saga Developments Ltd",
            "council_confirmed": true,
            "decision": "GRANT PERMISSION",
            "decision_date": "2004-06-25",
            "outcome": "Granted",
            "overlap_pct": 100.0,
            "plan_ref": "2709/04",
            "planning_portal_url": "https://webapps.dublincity.ie/PublicAccess_Live/SearchResult/RunThirdPartySearch?FileSystemId=PL&Folder1_Ref=2709%2F04",
            "proposal": "The developments will consist of the removal of th",
            "register_number": "VS-0542",
            "registration_date": "2004-05-06"
          },
          {
            "app_type": "Permission",
            "applicant": "Coffey Healthcare",
            "council_confirmed": true,
            "decision": "GRANT PERMISSION",
            "decision_date": "2003-09-29",
            "outcome": "Granted",
            "overlap_pct": 100.0,
            "plan_ref": "3918/03",
            "planning_portal_url": "https://webapps.dublincity.ie/PublicAccess_Live/SearchResult/RunThirdPartySearch?FileSystemId=PL&Folder1_Ref=3918%2F03",
            "proposal": "insertion of 4 no. windows and steet door to the e",
            "register_number": "VS-0542",
            "registration_date": "2003-08-15"
          },
          {
            "app_type": "Permission",
            "applicant": "WI Ltd.,",
            "council_confirmed": true,
            "decision": "GRANT PERMISSION",
            "decision_date": "2000-03-21",
            "outcome": "Granted",
            "overlap_pct": 100.0,
            "plan_ref": "0163/00",
            "planning_portal_url": "https://webapps.dublincity.ie/PublicAccess_Live/SearchResult/RunThirdPartySearch?FileSystemId=PL&Folder1_Ref=0163%2F00",
            "proposal": "The erection of 2 no. ESB sub-stations as part of",
            "register_number": "VS-0542",
            "registration_date": "2000-01-27"
          },
          {
            "app_type": "Permission",
            "applicant": "W.I. Ltd.,",
            "council_confirmed": true,
            "decision": "GRANT PERMISSION",
            "decision_date": "1998-09-25",
            "outcome": "Granted",
            "overlap_pct": 100.0,
            "plan_ref": "2222/98",
            "planning_portal_url": "https://webapps.dublincity.ie/PublicAccess_Live/SearchResult/RunThirdPartySearch?FileSystemId=PL&Folder1_Ref=2222%2F98",
            "proposal": "Alterations to previously approved development (Pl",
            "register_number": "VS-0542",
            "registration_date": "1998-07-30"
          },
          {
            "app_type": "Permission",
            "applicant": "Patrick Reynolds.",
            "council_confirmed": true,
            "decision": "GRANT PERMISSION",
            "decision_date": "1998-01-15",
            "outcome": "Granted",
            "overlap_pct": 100.0,
            "plan_ref": "2958/97",
            "planning_portal_url": "https://webapps.dublincity.ie/PublicAccess_Live/SearchResult/RunThirdPartySearch?FileSystemId=PL&Folder1_Ref=2958%2F97",
            "proposal": "Extension to the ground floor apartment.",
            "register_number": "VS-0542",
            "registration_date": "1997-11-24"
          }
        ],
        "priority_code": 1,
        "register_number": "VS-0542",
        "register_status": "Vacant - Suitable",
        "valuation": 3420000,
        "valuation_date": "2022-11-07"
      },
      "type": "Feature"
    },
    {
      "geometry": {
        "coordinates": [
          [
            [
              -6.2928328505,
              53.3829261276
            ],
            [
              -6.2929730195,
              53.3828527313
            ],
            [
              -6.2928457062,
              53.3827628376
            ],
            [
              -6.292516992,
              53.3823062679
            ],
            [
              -6.292470378,
              53.3822722592
            ],
            [
              -6.2924050122,
              53.3823041267
            ],
            [
              -6.2923578596,
              53.3822711887
            ],
            [
              -6.2922264288,
              53.3823430917
            ],
            [
              -6.2922263049,
              53.3823430899
            ],
            [
              -6.2921395024,
              53.3823901981
            ],
            [
              -6.2921724272,
              53.3824131368
            ],
            [
              -6.2921729191,
              53.3824132337
            ],
            [
              -6.2922956943,
              53.3825049505
            ],
            [
              -6.292295064,
              53.3825052111
            ],
            [
              -6.2928328505,
              53.3829261276
            ]
          ]
        ],
        "type": "Polygon"
      },
      "properties": {
        "address": "Site adjacent to former Ardmore Hotel, Finglas Road, Dublin 11",
        "date_registered": "2019-08-26",
        "folio_reference": "144026L",
        "linked_planning_ref_count": 10,
        "owner_address": "CareChoice, First Floor, Block 10-2, Blanchardstown Corporate, Park 1, Blanchardstown, Dublin 15",
        "ownership": "CareChoice Finglas Limited",
        "planning_applications": [
          {
            "app_type": "Retention Permission",
            "applicant": "Carechoice (Finglas) Ltd.",
            "council_confirmed": true,
            "decision": "GRANT RETENTION PERMISSIO",
            "decision_date": "2021-03-25",
            "outcome": "Granted",
            "overlap_pct": 100.0,
            "plan_ref": "2122/21",
            "planning_portal_url": "https://webapps.dublincity.ie/PublicAccess_Live/SearchResult/RunThirdPartySearch?FileSystemId=PL&Folder1_Ref=2122%2F21",
            "proposal": "RETENTION: Permission of an external signage erect",
            "register_number": "VS-0559",
            "registration_date": "2021-01-29"
          },
          {
            "app_type": "Retention Permission",
            "applicant": "CareChoice Finglas Ltd.",
            "council_confirmed": true,
            "decision": "GRANT RETENTION PERMISSIO",
            "decision_date": "2020-06-22",
            "outcome": "Granted",
            "overlap_pct": 100.0,
            "plan_ref": "4431/19",
            "planning_portal_url": "https://webapps.dublincity.ie/PublicAccess_Live/SearchResult/RunThirdPartySearch?FileSystemId=PL&Folder1_Ref=4431%2F19",
            "proposal": "RETENTION:  The development consists of works to t",
            "register_number": "VS-0559",
            "registration_date": "2020-05-26"
          },
          {
            "app_type": "Permission",
            "applicant": "CareChoice Finglas Ltd.",
            "council_confirmed": true,
            "decision": "GRANT PERMISSION",
            "decision_date": "2019-09-18",
            "outcome": "Granted",
            "overlap_pct": 31.3,
            "plan_ref": "2693/19",
            "planning_portal_url": "https://webapps.dublincity.ie/PublicAccess_Live/SearchResult/RunThirdPartySearch?FileSystemId=PL&Folder1_Ref=2693%2F19",
            "proposal": "The proposed development will consist of the const",
            "register_number": "VS-0559",
            "registration_date": "2019-08-22"
          },
          {
            "app_type": "Permission",
            "applicant": "Ardmore Lodge Nursing Home Ltd",
            "council_confirmed": true,
            "decision": "GRANT PERMISSION",
            "decision_date": "2016-07-26",
            "outcome": "Granted",
            "overlap_pct": 100.0,
            "plan_ref": "3021/16",
            "planning_portal_url": "https://webapps.dublincity.ie/PublicAccess_Live/SearchResult/RunThirdPartySearch?FileSystemId=PL&Folder1_Ref=3021%2F16",
            "proposal": "Alterations to previously approved reg. ref. 3065/",
            "register_number": "VS-0559",
            "registration_date": "2016-06-01"
          },
          {
            "app_type": "Permission",
            "applicant": "Ardmore Lodge Nursing Home Ltd",
            "council_confirmed": true,
            "decision": "GRANT PERMISSION",
            "decision_date": "2016-03-04",
            "outcome": "Granted",
            "overlap_pct": 100.0,
            "plan_ref": "3110/15",
            "planning_portal_url": "https://webapps.dublincity.ie/PublicAccess_Live/SearchResult/RunThirdPartySearch?FileSystemId=PL&Folder1_Ref=3110%2F15",
            "proposal": "Construction of an extension to the northern/side",
            "register_number": "VS-0559",
            "registration_date": "2016-02-08"
          },
          {
            "app_type": "Permission",
            "applicant": "Ardmore Lodge Nursing Home Ltd.",
            "council_confirmed": true,
            "decision": "GRANT PERMISSION",
            "decision_date": "2014-09-09",
            "outcome": "Granted",
            "overlap_pct": 100.0,
            "plan_ref": "3065/14",
            "planning_portal_url": "https://webapps.dublincity.ie/PublicAccess_Live/SearchResult/RunThirdPartySearch?FileSystemId=PL&Folder1_Ref=3065%2F14",
            "proposal": "Change of use of existing hotel to nursing home",
            "register_number": "VS-0559",
            "registration_date": "2014-07-16"
          },
          {
            "app_type": "Permission",
            "applicant": "Clearwire Ireland Ltd",
            "council_confirmed": true,
            "decision": "GRANT PERMISSION",
            "decision_date": "2006-10-27",
            "outcome": "Granted",
            "overlap_pct": 3.2,
            "plan_ref": "5012/06",
            "planning_portal_url": "https://webapps.dublincity.ie/PublicAccess_Live/SearchResult/RunThirdPartySearch?FileSystemId=PL&Folder1_Ref=5012%2F06",
            "proposal": "installation of 3 no. antenna, 2 no. transmission",
            "register_number": "VS-0559",
            "registration_date": "2006-09-11"
          },
          {
            "app_type": "Permission",
            "applicant": "McCabe Builders Ltd",
            "council_confirmed": true,
            "decision": "GRANT PERMISSION",
            "decision_date": "2005-11-16",
            "outcome": "Granted",
            "overlap_pct": 96.8,
            "plan_ref": "4886/05",
            "planning_portal_url": "https://webapps.dublincity.ie/PublicAccess_Live/SearchResult/RunThirdPartySearch?FileSystemId=PL&Folder1_Ref=4886%2F05",
            "proposal": "Retention and completion of revisions/modification",
            "register_number": "VS-0559",
            "registration_date": "2005-09-22"
          },
          {
            "app_type": "Permission",
            "applicant": "McCabe Builders",
            "council_confirmed": true,
            "decision": "GRANT PERMISSION",
            "decision_date": "2004-07-12",
            "outcome": "Granted",
            "overlap_pct": 96.8,
            "plan_ref": "2888/04",
            "planning_portal_url": "https://webapps.dublincity.ie/PublicAccess_Live/SearchResult/RunThirdPartySearch?FileSystemId=PL&Folder1_Ref=2888%2F04",
            "proposal": "revisions to development  permitted (4830/03 & 247",
            "register_number": "VS-0559",
            "registration_date": "2004-05-18"
          },
          {
            "app_type": "Permission",
            "applicant": "McCabe Builders (Dublin) Limited",
            "council_confirmed": true,
            "decision": "GRANT PERMISSION",
            "decision_date": "2003-07-22",
            "outcome": "Granted",
            "overlap_pct": 3.3,
            "plan_ref": "2475/03",
            "planning_portal_url": "https://webapps.dublincity.ie/PublicAccess_Live/SearchResult/RunThirdPartySearch?FileSystemId=PL&Folder1_Ref=2475%2F03",
            "proposal": "112 bedroom hotel together with ancillary accommod",
            "register_number": "VS-0559",
            "registration_date": "2003-05-30"
          }
        ],
        "priority_code": 1,
        "register_number": "VS-0559",
        "register_status": "Vacant - Suitable",
        "valuation": 500000,
        "valuation_date": "2022-11-10"
      },
      "type": "Feature"
    },
    {
      "geometry": {
        "coordinates": [
          [
            [
              -6.3301754444,
              53.3441519917
            ],
            [
              -6.3301440016,
              53.3443163737
            ],
            [
              -6.3297357816,
              53.3442591639
            ],
            [
              -6.3297375523,
              53.3442550547
            ],
            [
              -6.3297406864,
              53.3442445837
            ],
            [
              -6.3297525101,
              53.3442082619
            ],
            [
              -6.3297757508,
              53.3441365113
            ],
            [
              -6.3298027936,
              53.3440530409
            ],
            [
              -6.3298143485,
              53.3440172545
            ],
            [
              -6.3298471721,
              53.3439158011
            ],
            [
              -6.3299109625,
              53.3439219964
            ],
            [
              -6.3299211877,
              53.3439233977
            ],
            [
              -6.3300500064,
              53.3439358056
            ],
            [
              -6.3301114696,
              53.3439413391
            ],
            [
              -6.3300867747,
              53.3440693282
            ],
            [
              -6.3301887945,
              53.3440765976
            ],
            [
              -6.3301754444,
              53.3441519917
            ]
          ]
        ],
        "type": "Polygon"
      },
      "properties": {
        "address": "Liffey Street South, Kilmainham, Dublin 10",
        "date_registered": "2018-05-17",
        "folio_reference": "Unregistered",
        "linked_planning_ref_count": 8,
        "owner_address": "Buseyhill House, Athgoe, Newcastle, Co. Dublin",
        "ownership": "Mr. Thomas Corcoran",
        "planning_applications": [
          {
            "app_type": "Permission                              ",
            "applicant": "Thomas Corcoran",
            "council_confirmed": true,
            "decision": "APPLICATION DECLARED INVA",
            "decision_date": "2026-02-06",
            "outcome": "Granted",
            "overlap_pct": 94.0,
            "plan_ref": "WEB1226/26",
            "planning_portal_url": "https://webapps.dublincity.ie/PublicAccess_Live/SearchResult/RunThirdPartySearch?FileSystemId=PL&Folder1_Ref=WEB1226%2F26",
            "proposal": "Planning permission is sought by Thomas Corcoran for the demolition of existing",
            "register_number": "VS-0724",
            "registration_date": "2026-02-04"
          },
          {
            "app_type": "Permission                              ",
            "applicant": "Tom Corcoran",
            "council_confirmed": true,
            "decision": "REFUSE PERMISSION        ",
            "decision_date": "2024-02-23",
            "outcome": "Refused",
            "overlap_pct": 94.0,
            "plan_ref": "5071/23",
            "planning_portal_url": "https://webapps.dublincity.ie/PublicAccess_Live/SearchResult/RunThirdPartySearch?FileSystemId=PL&Folder1_Ref=5071%2F23",
            "proposal": "The development is to consist of the demolition of all existing single storey st",
            "register_number": "VS-0724",
            "registration_date": "2023-12-22"
          },
          {
            "app_type": "Permission",
            "applicant": "Thomas Corcoran",
            "council_confirmed": true,
            "decision": "APPLICATION DECLARED INVA",
            "decision_date": "2023-12-18",
            "outcome": "Granted",
            "overlap_pct": 94.0,
            "plan_ref": "4926/23",
            "planning_portal_url": "https://webapps.dublincity.ie/PublicAccess_Live/SearchResult/RunThirdPartySearch?FileSystemId=PL&Folder1_Ref=4926%2F23",
            "proposal": "Residential redevelopment of the former builders s",
            "register_number": "VS-0724",
            "registration_date": "2023-12-07"
          },
          {
            "app_type": "Permission",
            "applicant": "Thomas Corcoran",
            "council_confirmed": true,
            "decision": "REFUSE PERMISSION",
            "decision_date": "2023-03-13",
            "outcome": "Refused",
            "overlap_pct": 94.0,
            "plan_ref": "3054/23",
            "planning_portal_url": "https://webapps.dublincity.ie/PublicAccess_Live/SearchResult/RunThirdPartySearch?FileSystemId=PL&Folder1_Ref=3054%2F23",
            "proposal": "The development is to consist of the demolition of",
            "register_number": "VS-0724",
            "registration_date": "2023-01-17"
          },
          {
            "app_type": "Permission",
            "applicant": "Thomas Corcoran",
            "council_confirmed": true,
            "decision": "GRANT PERMISSION",
            "decision_date": "2017-12-15",
            "outcome": "Granted",
            "overlap_pct": 94.0,
            "plan_ref": "4122/17",
            "planning_portal_url": "https://webapps.dublincity.ie/PublicAccess_Live/SearchResult/RunThirdPartySearch?FileSystemId=PL&Folder1_Ref=4122%2F17",
            "proposal": "Demolition of existing commercial garage,constr.of",
            "register_number": "VS-0724",
            "registration_date": "2017-10-24"
          },
          {
            "app_type": "Permission",
            "applicant": "Thomas Corcoran",
            "council_confirmed": true,
            "decision": "APPLICATION DECLARED INVA",
            "decision_date": "2017-10-12",
            "outcome": "Granted",
            "overlap_pct": 94.0,
            "plan_ref": "3873/17",
            "planning_portal_url": "https://webapps.dublincity.ie/PublicAccess_Live/SearchResult/RunThirdPartySearch?FileSystemId=PL&Folder1_Ref=3873%2F17",
            "proposal": "Demolition of existing single storey garage/sheds,",
            "register_number": "VS-0724",
            "registration_date": "2017-09-18"
          },
          {
            "app_type": "Permission",
            "applicant": "Thomas Corcoran",
            "council_confirmed": true,
            "decision": "REFUSE PERMISSION",
            "decision_date": "2016-11-21",
            "outcome": "Refused",
            "overlap_pct": 94.0,
            "plan_ref": "3801/16",
            "planning_portal_url": "https://webapps.dublincity.ie/PublicAccess_Live/SearchResult/RunThirdPartySearch?FileSystemId=PL&Folder1_Ref=3801%2F16",
            "proposal": "Demolition of existing garage & open sheds & front",
            "register_number": "VS-0724",
            "registration_date": "2016-09-27"
          },
          {
            "app_type": "LAW",
            "applicant": "Parks Department (Dublin City Council)",
            "council_confirmed": true,
            "decision": "OBSERVATIONS",
            "decision_date": "2007-01-11",
            "outcome": "Other",
            "overlap_pct": 4.2,
            "plan_ref": "5968/06",
            "planning_portal_url": "https://webapps.dublincity.ie/PublicAccess_Live/SearchResult/RunThirdPartySearch?FileSystemId=PL&Folder1_Ref=5968%2F06",
            "proposal": "Construction of single storey building comprising",
            "register_number": "VS-0724",
            "registration_date": "2006-11-08"
          }
        ],
        "priority_code": 1,
        "register_number": "VS-0724",
        "register_status": "Vacant - Suitable",
        "valuation": 500000,
        "valuation_date": "2021-08-03"
      },
      "type": "Feature"
    },
    {
      "geometry": {
        "coordinates": [
          [
            [
              -6.2826126261,
              53.3301406907
            ],
            [
              -6.2826062628,
              53.3301573151
            ],
            [
              -6.2825761529,
              53.3302195218
            ],
            [
              -6.2825076437,
              53.3302112558
            ],
            [
              -6.2826150961,
              53.3299590069
            ],
            [
              -6.2824505431,
              53.3299344396
            ],
            [
              -6.2824819093,
              53.3298532882
            ],
            [
              -6.2825787453,
              53.3296033129
            ],
            [
              -6.2825847828,
              53.3295917166
            ],
            [
              -6.2828528967,
              53.3297752287
            ],
            [
              -6.2829025257,
              53.3298096447
            ],
            [
              -6.2829691444,
              53.3298557189
            ],
            [
              -6.2829914787,
              53.329873026
            ],
            [
              -6.2829208931,
              53.3299195518
            ],
            [
              -6.2827965064,
              53.3300016111
            ],
            [
              -6.2826995911,
              53.3300655522
            ],
            [
              -6.2826413435,
              53.3301038975
            ],
            [
              -6.2826126261,
              53.3301406907
            ]
          ]
        ],
        "type": "Polygon"
      },
      "properties": {
        "address": "Site at the rear of 44 Parnell Road, Harold's Cross, Dublin 6",
        "date_registered": "2019-08-26",
        "folio_reference": "DN163389L",
        "linked_planning_ref_count": 13,
        "owner_address": "10 Newtown Road, Rostrevor, Co. Down, BT34 3BY",
        "ownership": "Tinnelly Construction Limited",
        "planning_applications": [
          {
            "app_type": "Permission",
            "applicant": "Tinnelly Construction Ltd",
            "council_confirmed": true,
            "decision": "GRANT PERMISSION",
            "decision_date": "2017-11-27",
            "outcome": "Granted",
            "overlap_pct": 88.9,
            "plan_ref": "3974/17",
            "planning_portal_url": "https://webapps.dublincity.ie/PublicAccess_Live/SearchResult/RunThirdPartySearch?FileSystemId=PL&Folder1_Ref=3974%2F17",
            "proposal": "Construction of a 3-storey apartment building over",
            "register_number": "VS-0748",
            "registration_date": "2017-10-03"
          },
          {
            "app_type": "Permission",
            "applicant": "The Board of Directors",
            "council_confirmed": true,
            "decision": "GRANT PERMISSION",
            "decision_date": "2008-11-26",
            "outcome": "Granted",
            "overlap_pct": 5.2,
            "plan_ref": "4660/08",
            "planning_portal_url": "https://webapps.dublincity.ie/PublicAccess_Live/SearchResult/RunThirdPartySearch?FileSystemId=PL&Folder1_Ref=4660%2F08",
            "proposal": "PROTECTED STRUCTURE - single storey 6 office side",
            "register_number": "VS-0748",
            "registration_date": "2008-10-08"
          },
          {
            "app_type": "Permission",
            "applicant": "Board of Directors, Palliative Care Unit",
            "council_confirmed": true,
            "decision": "GRANT PERMISSION",
            "decision_date": "2008-04-18",
            "outcome": "Granted",
            "overlap_pct": 5.2,
            "plan_ref": "1715/08",
            "planning_portal_url": "https://webapps.dublincity.ie/PublicAccess_Live/SearchResult/RunThirdPartySearch?FileSystemId=PL&Folder1_Ref=1715%2F08",
            "proposal": "PROTECTED STRUCTURE-Provision of single storey ext",
            "register_number": "VS-0748",
            "registration_date": "2008-02-29"
          },
          {
            "app_type": "Permission",
            "applicant": "The Board of Directors of O.L.H.",
            "council_confirmed": true,
            "decision": "APPLICATION DECLARED INVA",
            "decision_date": "2008-02-26",
            "outcome": "Granted",
            "overlap_pct": 5.3,
            "plan_ref": "1548/08",
            "planning_portal_url": "https://webapps.dublincity.ie/PublicAccess_Live/SearchResult/RunThirdPartySearch?FileSystemId=PL&Folder1_Ref=1548%2F08",
            "proposal": "PROTECTED STRUCTURE-Single storey extension to in-",
            "register_number": "VS-0748",
            "registration_date": "2008-02-20"
          },
          {
            "app_type": "Permission",
            "applicant": "Gerard Tinnelly",
            "council_confirmed": true,
            "decision": "GRANT PERMISSION",
            "decision_date": "2007-06-22",
            "outcome": "Granted",
            "overlap_pct": 85.2,
            "plan_ref": "2894/07",
            "planning_portal_url": "https://webapps.dublincity.ie/PublicAccess_Live/SearchResult/RunThirdPartySearch?FileSystemId=PL&Folder1_Ref=2894%2F07",
            "proposal": "Development of a 3 storey apartment building",
            "register_number": "VS-0748",
            "registration_date": "2007-04-30"
          },
          {
            "app_type": "Permission",
            "applicant": "Mr Patrick Fitzgerald",
            "council_confirmed": true,
            "decision": "GRANT PERMISSION",
            "decision_date": "2007-04-27",
            "outcome": "Granted",
            "overlap_pct": 4.7,
            "plan_ref": "1952/07",
            "planning_portal_url": "https://webapps.dublincity.ie/PublicAccess_Live/SearchResult/RunThirdPartySearch?FileSystemId=PL&Folder1_Ref=1952%2F07",
            "proposal": "RETENTION - and completion of the sub division of",
            "register_number": "VS-0748",
            "registration_date": "2007-03-05"
          },
          {
            "app_type": "Permission",
            "applicant": "Gerard Tinnelly",
            "council_confirmed": true,
            "decision": "REFUSE PERMISSION",
            "decision_date": "2007-02-20",
            "outcome": "Refused",
            "overlap_pct": 85.2,
            "plan_ref": "6691/06",
            "planning_portal_url": "https://webapps.dublincity.ie/PublicAccess_Live/SearchResult/RunThirdPartySearch?FileSystemId=PL&Folder1_Ref=6691%2F06",
            "proposal": "Development of a 3 storey apartment building over",
            "register_number": "VS-0748",
            "registration_date": "2006-12-20"
          },
          {
            "app_type": "Permission",
            "applicant": "The Board of Directors",
            "council_confirmed": true,
            "decision": "APPLICATION DECLARED INVA",
            "decision_date": "2005-06-02",
            "outcome": "Granted",
            "overlap_pct": 5.3,
            "plan_ref": "2926/05",
            "planning_portal_url": "https://webapps.dublincity.ie/PublicAccess_Live/SearchResult/RunThirdPartySearch?FileSystemId=PL&Folder1_Ref=2926%2F05",
            "proposal": "provision of a glazed concourse area linking the e",
            "register_number": "VS-0748",
            "registration_date": "2005-05-20"
          },
          {
            "app_type": "Permission",
            "applicant": "Mr. P. Fitzgerald",
            "council_confirmed": true,
            "decision": "GRANT PERMISSION",
            "decision_date": "2004-12-08",
            "outcome": "Granted",
            "overlap_pct": 85.2,
            "plan_ref": "4992/04",
            "planning_portal_url": "https://webapps.dublincity.ie/PublicAccess_Live/SearchResult/RunThirdPartySearch?FileSystemId=PL&Folder1_Ref=4992%2F04",
            "proposal": "provision of a 3-storey building (2-storey plus pl",
            "register_number": "VS-0748",
            "registration_date": "2004-10-14"
          },
          {
            "app_type": "Permission",
            "applicant": "Mr. P. Fitzgerald",
            "council_confirmed": true,
            "decision": "APPLICATION DECLARED INVA",
            "decision_date": "2004-10-01",
            "outcome": "Granted",
            "overlap_pct": 85.2,
            "plan_ref": "4620/04",
            "planning_portal_url": "https://webapps.dublincity.ie/PublicAccess_Live/SearchResult/RunThirdPartySearch?FileSystemId=PL&Folder1_Ref=4620%2F04",
            "proposal": "demolition of anexisting lean-to extension to the",
            "register_number": "VS-0748",
            "registration_date": "2004-09-17"
          },
          {
            "app_type": "Permission",
            "applicant": "Board of Management",
            "council_confirmed": true,
            "decision": "GRANT PERMISSION",
            "decision_date": "2001-08-10",
            "outcome": "Granted",
            "overlap_pct": 5.2,
            "plan_ref": "1005/01",
            "planning_portal_url": "https://webapps.dublincity.ie/PublicAccess_Live/SearchResult/RunThirdPartySearch?FileSystemId=PL&Folder1_Ref=1005%2F01",
            "proposal": "Locate a standby generator and attenuation walls,",
            "register_number": "VS-0748",
            "registration_date": "2001-06-20"
          },
          {
            "app_type": "Permission",
            "applicant": "The Board of Management",
            "council_confirmed": true,
            "decision": "GRANT PERMISSION",
            "decision_date": "2001-03-28",
            "outcome": "Granted",
            "overlap_pct": 5.3,
            "plan_ref": "0256/01",
            "planning_portal_url": "https://webapps.dublincity.ie/PublicAccess_Live/SearchResult/RunThirdPartySearch?FileSystemId=PL&Folder1_Ref=0256%2F01",
            "proposal": "12 Prefab offices, 2 meeting rooms, 2 staff changi",
            "register_number": "VS-0748",
            "registration_date": "2001-02-05"
          },
          {
            "app_type": "Permission",
            "applicant": "Sr. Una O'Neill,",
            "council_confirmed": true,
            "decision": "GRANT PERMISSION",
            "decision_date": "2000-10-12",
            "outcome": "Granted",
            "overlap_pct": 5.3,
            "plan_ref": "2705/00",
            "planning_portal_url": "https://webapps.dublincity.ie/PublicAccess_Live/SearchResult/RunThirdPartySearch?FileSystemId=PL&Folder1_Ref=2705%2F00",
            "proposal": "Erect a new single storey Convent building with as",
            "register_number": "VS-0748",
            "registration_date": "2000-08-17"
          }
        ],
        "priority_code": 1,
        "register_number": "VS-0748",
        "register_status": "Vacant - Suitable",
        "valuation": 600000,
        "valuation_date": "2019-09-09"
      },
      "type": "Feature"
    },
    {
      "geometry": {
        "coordinates": [
          [
            [
              -6.2381980256,
              53.3144297558
            ],
            [
              -6.2380614375,
              53.3144164142
            ],
            [
              -6.2380493635,
              53.3144150675
            ],
            [
              -6.2379396279,
              53.3143658142
            ],
            [
              -6.2379177186,
              53.3143929015
            ],
            [
              -6.2378947363,
              53.3144250057
            ],
            [
              -6.2378734301,
              53.3144584827
            ],
            [
              -6.2378542436,
              53.314488576
            ],
            [
              -6.2378323411,
              53.314521505
            ],
            [
              -6.2378075397,
              53.314558705
            ],
            [
              -6.2377884086,
              53.314587451
            ],
            [
              -6.2377641278,
              53.3146240296
            ],
            [
              -6.2377448656,
              53.3146529534
            ],
            [
              -6.2377286149,
              53.3146778774
            ],
            [
              -6.2377255367,
              53.3146834938
            ],
            [
              -6.2377077239,
              53.3147102821
            ],
            [
              -6.2376840725,
              53.3147466004
            ],
            [
              -6.2376612706,
              53.3147803249
            ],
            [
              -6.2376404091,
              53.3148120111
            ],
            [
              -6.2376358868,
              53.314822639
            ],
            [
              -6.2376733752,
              53.3148320004
            ],
            [
              -6.237869965,
              53.3148820878
            ],
            [
              -6.2379147273,
              53.3148951515
            ],
            [
              -6.2379249645,
              53.3148960217
            ],
            [
              -6.2379377476,
              53.3148981877
            ],
            [
              -6.2380670855,
              53.3149072882
            ],
            [
              -6.2380924744,
              53.3149099101
            ],
            [
              -6.2380789553,
              53.3149466477
            ],
            [
              -6.2380755003,
              53.3149554041
            ],
            [
              -6.238065434,
              53.314986441
            ],
            [
              -6.2380564132,
              53.3150101238
            ],
            [
              -6.2380350694,
              53.3150505204
            ],
            [
              -6.2380107256,
              53.315088626
            ],
            [
              -6.2379857744,
              53.3151264529
            ],
            [
              -6.2379014142,
              53.315239344
            ],
            [
              -6.2379002602,
              53.3152403155
            ],
            [
              -6.2378618464,
              53.3152744385
            ],
            [
              -6.2378624574,
              53.3152746273
            ],
            [
              -6.2378196311,
              53.3153287266
            ],
            [
              -6.2376536105,
              53.3152846628
            ],
            [
              -6.2374045762,
              53.3152216673
            ],
            [
              -6.2374027096,
              53.3152219094
            ],
            [
              -6.2372681559,
              53.3153904079
            ],
            [
              -6.2371829099,
              53.3153685673
            ],
            [
              -6.2370830217,
              53.3153446229
            ],
            [
              -6.237070109,
              53.3154326863
            ],
            [
              -6.2370591916,
              53.3155083768
            ],
            [
              -6.2370516165,
              53.3155600311
            ],
            [
              -6.2370472292,
              53.3156004086
            ],
            [
              -6.2370432744,
              53.3156362989
            ],
            [
              -6.2369811799,
              53.3156323254
            ],
            [
              -6.2369716619,
              53.3156890736
            ],
            [
              -6.2369608211,
              53.3157538908
            ],
            [
              -6.2368588051,
              53.3157485183
            ],
            [
              -6.2368310802,
              53.3157455021
            ],
            [
              -6.2368096941,
              53.3156547748
            ],
            [
              -6.2368069946,
              53.3156241785
            ],
            [
              -6.2368851014,
              53.3150415251
            ],
            [
              -6.2367679776,
              53.3150363785
            ],
            [
              -6.2367713051,
              53.3149976929
            ],
            [
              -6.2368824566,
              53.3150005942
            ],
            [
              -6.2368520471,
              53.3149876525
            ],
            [
              -6.2369852054,
              53.3148019683
            ],
            [
              -6.2370159593,
              53.3147705183
            ],
            [
              -6.2370749479,
              53.3147507197
            ],
            [
              -6.2370930059,
              53.3147480209
            ],
            [
              -6.2371123988,
              53.3147459708
            ],
            [
              -6.2371311783,
              53.3147467876
            ],
            [
              -6.2371433835,
              53.3147479566
            ],
            [
              -6.237156499,
              53.3147480606
            ],
            [
              -6.237164526,
              53.3147515045
            ],
            [
              -6.2371802887,
              53.3147534451
            ],
            [
              -6.2371978085,
              53.3147608039
            ],
            [
              -6.2371999891,
              53.3147589488
            ],
            [
              -6.237202297,
              53.3147570057
            ],
            [
              -6.2372631624,
              53.3146706397
            ],
            [
              -6.2373111577,
              53.3146022375
            ],
            [
              -6.2372103002,
              53.3145778295
            ],
            [
              -6.2373068939,
              53.314426385
            ],
            [
              -6.2372994419,
              53.3143969766
            ],
            [
              -6.2375323741,
              53.3141867933
            ],
            [
              -6.2376547955,
              53.3140783295
            ],
            [
              -6.2377586224,
              53.3140005965
            ],
            [
              -6.2378372441,
              53.3139758751
            ],
            [
              -6.2379466841,
              53.3139721895
            ],
            [
              -6.2379466878,
              53.3139720997
            ],
            [
              -6.2379650696,
              53.3141327927
            ],
            [
              -6.237980589,
              53.3141496483
            ],
            [
              -6.2379344592,
              53.3142268857
            ],
            [
              -6.2379186206,
              53.3142508273
            ],
            [
              -6.2379148463,
              53.3142583207
            ],
            [
              -6.2379212346,
              53.3142745022
            ],
            [
              -6.2380395745,
              53.3142861364
            ],
            [
              -6.2380473377,
              53.3142869701
            ],
            [
              -6.238179199,
              53.314300871
            ],
            [
              -6.2382252944,
              53.3143055961
            ],
            [
              -6.238239488,
              53.314303559
            ],
            [
              -6.2382468214,
              53.3142998028
            ],
            [
              -6.238251212,
              53.314295374
            ],
            [
              -6.2382457955,
              53.3143637764
            ],
            [
              -6.2382411059,
              53.314390489
            ],
            [
              -6.2382375856,
              53.3144098493
            ],
            [
              -6.2382313953,
              53.3144339334
            ],
            [
              -6.2381980256,
              53.3144297558
            ]
          ]
        ],
        "type": "Polygon"
      },
      "properties": {
        "address": "Lands of the Former Paper Mills, Clonskeagh Road, Clonskeagh, Dublin 6",
        "date_registered": "2022-04-05",
        "folio_reference": "DN223724F; DN79256L",
        "linked_planning_ref_count": 15,
        "owner_address": "MFD Secretaries Limited, 32 Molesworth Street, Dublin 2",
        "ownership": "Harley Issuer DAC",
        "planning_applications": [
          {
            "app_type": "Large Residential Development-3         ",
            "applicant": "Harley Issuer Designated Activity Compan",
            "council_confirmed": true,
            "decision": "GRANT PERMISSION         ",
            "decision_date": "2025-07-03",
            "outcome": "Granted",
            "overlap_pct": 94.3,
            "plan_ref": "WEBLRD6063/25-S3",
            "planning_portal_url": "https://webapps.dublincity.ie/PublicAccess_Live/SearchResult/RunThirdPartySearch?FileSystemId=PL&Folder1_Ref=WEBLRD6063%2F25-S3",
            "proposal": "We, Harley Issuer Designated Activity Company, intend to apply for a seven year",
            "register_number": "VS-0800",
            "registration_date": "2025-05-09"
          },
          {
            "app_type": "Permission",
            "applicant": "CPFM Limited",
            "council_confirmed": true,
            "decision": "GRANT PERMISSION",
            "decision_date": "2022-11-08",
            "outcome": "Granted",
            "overlap_pct": 13.5,
            "plan_ref": "4852/22",
            "planning_portal_url": "https://webapps.dublincity.ie/PublicAccess_Live/SearchResult/RunThirdPartySearch?FileSystemId=PL&Folder1_Ref=4852%2F22",
            "proposal": "The development will consist of the construction o",
            "register_number": "VS-0800",
            "registration_date": "2022-09-14"
          },
          {
            "app_type": "Permission",
            "applicant": "CPFM Limited",
            "council_confirmed": true,
            "decision": "APPLICATION DECLARED INVA",
            "decision_date": "2022-08-15",
            "outcome": "Granted",
            "overlap_pct": 13.5,
            "plan_ref": "4628/22",
            "planning_portal_url": "https://webapps.dublincity.ie/PublicAccess_Live/SearchResult/RunThirdPartySearch?FileSystemId=PL&Folder1_Ref=4628%2F22",
            "proposal": "Development will consist of the construction of a",
            "register_number": "VS-0800",
            "registration_date": "2022-08-05"
          },
          {
            "app_type": "Permission",
            "applicant": "CPFM Limited",
            "council_confirmed": true,
            "decision": "APPLICATION DECLARED INVA",
            "decision_date": "2022-06-14",
            "outcome": "Granted",
            "overlap_pct": 12.8,
            "plan_ref": "3864/22",
            "planning_portal_url": "https://webapps.dublincity.ie/PublicAccess_Live/SearchResult/RunThirdPartySearch?FileSystemId=PL&Folder1_Ref=3864%2F22",
            "proposal": "The development will consist of the construction o",
            "register_number": "VS-0800",
            "registration_date": "2022-04-29"
          },
          {
            "app_type": "Permission",
            "applicant": "CPFM Limited",
            "council_confirmed": true,
            "decision": "APPLICATION DECLARED INVA",
            "decision_date": "2022-04-27",
            "outcome": "Granted",
            "overlap_pct": 12.8,
            "plan_ref": "3789/22",
            "planning_portal_url": "https://webapps.dublincity.ie/PublicAccess_Live/SearchResult/RunThirdPartySearch?FileSystemId=PL&Folder1_Ref=3789%2F22",
            "proposal": "Planning permission for the development will consi",
            "register_number": "VS-0800",
            "registration_date": "2022-04-21"
          },
          {
            "app_type": "Permission",
            "applicant": "Harley Issuer Designated Activity Compan",
            "council_confirmed": true,
            "decision": "APPLICATION WITHDRAWN",
            "decision_date": "2022-09-23",
            "outcome": "Other",
            "overlap_pct": 88.9,
            "plan_ref": "3774/21",
            "planning_portal_url": "https://webapps.dublincity.ie/PublicAccess_Live/SearchResult/RunThirdPartySearch?FileSystemId=PL&Folder1_Ref=3774%2F21",
            "proposal": "Lands of the former Smurfit Paper Mills Factory an",
            "register_number": "VS-0800",
            "registration_date": "2021-10-29"
          },
          {
            "app_type": "Permission",
            "applicant": "Gannon Properties",
            "council_confirmed": true,
            "decision": "APPLICATION WITHDRAWN",
            "decision_date": "2019-08-12",
            "outcome": "Other",
            "overlap_pct": 96.6,
            "plan_ref": "3324/19",
            "planning_portal_url": "https://webapps.dublincity.ie/PublicAccess_Live/SearchResult/RunThirdPartySearch?FileSystemId=PL&Folder1_Ref=3324%2F19",
            "proposal": "Planning permission sought for the following revis",
            "register_number": "VS-0800",
            "registration_date": "2019-06-21"
          },
          {
            "app_type": "Permission",
            "applicant": "Gannon Properties",
            "council_confirmed": true,
            "decision": "GRANT PERMISSION",
            "decision_date": "2017-09-27",
            "outcome": "Granted",
            "overlap_pct": 95.9,
            "plan_ref": "3159/17",
            "planning_portal_url": "https://webapps.dublincity.ie/PublicAccess_Live/SearchResult/RunThirdPartySearch?FileSystemId=PL&Folder1_Ref=3159%2F17",
            "proposal": "Revisions to previously approved development Reg.",
            "register_number": "VS-0800",
            "registration_date": "2017-08-31"
          },
          {
            "app_type": "Permission",
            "applicant": "Gannon Properties",
            "council_confirmed": true,
            "decision": "GRANT PERMISSION",
            "decision_date": "2017-09-27",
            "outcome": "Granted",
            "overlap_pct": 100.0,
            "plan_ref": "2996/17",
            "planning_portal_url": "https://webapps.dublincity.ie/PublicAccess_Live/SearchResult/RunThirdPartySearch?FileSystemId=PL&Folder1_Ref=2996%2F17",
            "proposal": "Permission sought for a single storey Sub-Station",
            "register_number": "VS-0800",
            "registration_date": "2017-08-31"
          },
          {
            "app_type": "Permission",
            "applicant": "Gannon Properties",
            "council_confirmed": true,
            "decision": "GRANT PERMISSION",
            "decision_date": "2016-07-14",
            "outcome": "Granted",
            "overlap_pct": 95.9,
            "plan_ref": "2308/16",
            "planning_portal_url": "https://webapps.dublincity.ie/PublicAccess_Live/SearchResult/RunThirdPartySearch?FileSystemId=PL&Folder1_Ref=2308%2F16",
            "proposal": "Planning permission sought by Gannon Properties fo",
            "register_number": "VS-0800",
            "registration_date": "2016-06-17"
          },
          {
            "app_type": "Permission",
            "applicant": "Gannon Properties",
            "council_confirmed": true,
            "decision": "GRANT PERMISSION",
            "decision_date": "2015-01-28",
            "outcome": "Granted",
            "overlap_pct": 95.5,
            "plan_ref": "2620/14",
            "planning_portal_url": "https://webapps.dublincity.ie/PublicAccess_Live/SearchResult/RunThirdPartySearch?FileSystemId=PL&Folder1_Ref=2620%2F14",
            "proposal": "Demolition of existing offices,factory buildings,",
            "register_number": "VS-0800",
            "registration_date": "2014-12-23"
          },
          {
            "app_type": "Retention Permission",
            "applicant": "Gerry Kinsella",
            "council_confirmed": true,
            "decision": "GRANT RETENTION PERMISSIO",
            "decision_date": "2013-01-11",
            "outcome": "Granted",
            "overlap_pct": 12.8,
            "plan_ref": "3497/12",
            "planning_portal_url": "https://webapps.dublincity.ie/PublicAccess_Live/SearchResult/RunThirdPartySearch?FileSystemId=PL&Folder1_Ref=3497%2F12",
            "proposal": "Retention of porch, signage & change of use. Permi",
            "register_number": "VS-0800",
            "registration_date": "2012-11-21"
          },
          {
            "app_type": "Permission",
            "applicant": "Tadhg Campion",
            "council_confirmed": true,
            "decision": "GRANT PERMISSION",
            "decision_date": "2010-05-19",
            "outcome": "Granted",
            "overlap_pct": 12.8,
            "plan_ref": "2506/10",
            "planning_portal_url": "https://webapps.dublincity.ie/PublicAccess_Live/SearchResult/RunThirdPartySearch?FileSystemId=PL&Folder1_Ref=2506%2F10",
            "proposal": "Change of use from betting office to takeaway and",
            "register_number": "VS-0800",
            "registration_date": "2010-03-26"
          },
          {
            "app_type": "Permission",
            "applicant": "Gannon Homes Ltd.",
            "council_confirmed": true,
            "decision": "GRANT PERMISSION",
            "decision_date": "2006-10-04",
            "outcome": "Granted",
            "overlap_pct": 88.1,
            "plan_ref": "5694/05",
            "planning_portal_url": "https://webapps.dublincity.ie/PublicAccess_Live/SearchResult/RunThirdPartySearch?FileSystemId=PL&Folder1_Ref=5694%2F05",
            "proposal": "demolition of existing offices, factory buildings,",
            "register_number": "VS-0800",
            "registration_date": "2006-09-07"
          },
          {
            "app_type": "Permission",
            "applicant": "Gannon Homes Ltd",
            "council_confirmed": true,
            "decision": "APPLICATION DECLARED INVA",
            "decision_date": "2005-10-21",
            "outcome": "Granted",
            "overlap_pct": 86.6,
            "plan_ref": "5159/05",
            "planning_portal_url": "https://webapps.dublincity.ie/PublicAccess_Live/SearchResult/RunThirdPartySearch?FileSystemId=PL&Folder1_Ref=5159%2F05",
            "proposal": "demolition & provision of 27 one bedroom and 93 tw",
            "register_number": "VS-0800",
            "registration_date": "2005-10-13"
          }
        ],
        "priority_code": 1,
        "register_number": "VS-0800",
        "register_status": "Vacant - Suitable",
        "valuation": 10000000,
        "valuation_date": "2022-04-05"
      },
      "type": "Feature"
    },
    {
      "geometry": {
        "coordinates": [
          [
            [
              -6.3345225865,
              53.3245448061
            ],
            [
              -6.3355750993,
              53.3245261548
            ],
            [
              -6.3355539495,
              53.3242171546
            ],
            [
              -6.3355516502,
              53.3241808149
            ],
            [
              -6.3355344524,
              53.3239197707
            ],
            [
              -6.3347197811,
              53.3239380575
            ],
            [
              -6.3347040876,
              53.32394368
            ],
            [
              -6.3346977297,
              53.3239479949
            ],
            [
              -6.3346878274,
              53.3239638536
            ],
            [
              -6.3346310231,
              53.3239665655
            ],
            [
              -6.3346184523,
              53.3239492248
            ],
            [
              -6.3346116984,
              53.3239446369
            ],
            [
              -6.3346019155,
              53.3239415346
            ],
            [
              -6.3345075642,
              53.3239420147
            ],
            [
              -6.3345196255,
              53.3244269446
            ],
            [
              -6.334520417,
              53.3244606571
            ],
            [
              -6.334520639,
              53.3244676701
            ],
            [
              -6.3345225865,
              53.3245448061
            ]
          ]
        ],
        "type": "Polygon"
      },
      "properties": {
        "address": "Former Long Mile Works, Long Mile Road, Dublin 12",
        "date_registered": "2022-04-05",
        "folio_reference": "DN7122; DN8028",
        "linked_planning_ref_count": 3,
        "owner_address": "Rear of Long Mile Works, Long Mile Road, Dublin 12",
        "ownership": "General Motors IT Services (Ireland) Limited",
        "planning_applications": [
          {
            "app_type": "Permission",
            "applicant": "General Motors IT Services Ireland Ltd.",
            "council_confirmed": true,
            "decision": "GRANT PERMISSION",
            "decision_date": "2020-12-07",
            "outcome": "Granted",
            "overlap_pct": 2.8,
            "plan_ref": "3577/20",
            "planning_portal_url": "https://webapps.dublincity.ie/PublicAccess_Live/SearchResult/RunThirdPartySearch?FileSystemId=PL&Folder1_Ref=3577%2F20",
            "proposal": "The development will consist of 1.) Change of use",
            "register_number": "VS-0864",
            "registration_date": "2020-10-16"
          },
          {
            "app_type": "Permission",
            "applicant": "General Motors IT Services Ireland Ltd",
            "council_confirmed": true,
            "decision": "GRANT PERMISSION",
            "decision_date": "2017-08-15",
            "outcome": "Granted",
            "overlap_pct": 2.8,
            "plan_ref": "3218/17",
            "planning_portal_url": "https://webapps.dublincity.ie/PublicAccess_Live/SearchResult/RunThirdPartySearch?FileSystemId=PL&Folder1_Ref=3218%2F17",
            "proposal": "Change of use of part of 1st floor from data hall",
            "register_number": "VS-0864",
            "registration_date": "2017-06-21"
          },
          {
            "app_type": "Permission",
            "applicant": "Colt Telecom Ireland Limited",
            "council_confirmed": true,
            "decision": "GRANT PERMISSION",
            "decision_date": "2001-02-19",
            "outcome": "Granted",
            "overlap_pct": 99.7,
            "plan_ref": "4162/00",
            "planning_portal_url": "https://webapps.dublincity.ie/PublicAccess_Live/SearchResult/RunThirdPartySearch?FileSystemId=PL&Folder1_Ref=4162%2F00",
            "proposal": "The change of use of an existing rear warehouse bu",
            "register_number": "VS-0864",
            "registration_date": "2000-12-22"
          }
        ],
        "priority_code": 1,
        "register_number": "VS-0864",
        "register_status": "Vacant - Suitable",
        "valuation": 1500000,
        "valuation_date": "2022-04-05"
      },
      "type": "Feature"
    },
    {
      "geometry": {
        "coordinates": [
          [
            [
              -6.2986576758,
              53.3894654766
            ],
            [
              -6.2986519413,
              53.3894631481
            ],
            [
              -6.298679699,
              53.3894169012
            ],
            [
              -6.2988761531,
              53.3891107278
            ],
            [
              -6.2991194995,
              53.3891894168
            ],
            [
              -6.2990523579,
              53.3892594574
            ],
            [
              -6.2990782879,
              53.3892683646
            ],
            [
              -6.2991237256,
              53.3892855481
            ],
            [
              -6.299107103,
              53.3893013081
            ],
            [
              -6.2991316556,
              53.3893105551
            ],
            [
              -6.2990861662,
              53.3893599646
            ],
            [
              -6.2990552824,
              53.3893913385
            ],
            [
              -6.2989777485,
              53.3894701281
            ],
            [
              -6.2988888477,
              53.3895603489
            ],
            [
              -6.2988804299,
              53.3895569037
            ],
            [
              -6.2988260227,
              53.3895345595
            ],
            [
              -6.2986576758,
              53.3894654766
            ]
          ]
        ],
        "type": "Polygon"
      },
      "properties": {
        "address": "Drake Inn, 59-60 Main Street, Finglas, Dublin 11",
        "date_registered": "2019-04-16",
        "folio_reference": "Unregistered",
        "linked_planning_ref_count": 5,
        "owner_address": "C/O Mr. John Walsh, Route de Corsy 17, 1093 La Conversion, Switzerland",
        "ownership": "Mulsh Sarl",
        "planning_applications": [
          {
            "app_type": "Permission",
            "applicant": "Mulsh Sarl",
            "council_confirmed": true,
            "decision": "GRANT PERMISSION",
            "decision_date": "2024-11-05",
            "outcome": "Granted",
            "overlap_pct": 89.6,
            "plan_ref": "3378/24",
            "planning_portal_url": "https://webapps.dublincity.ie/PublicAccess_Live/SearchResult/RunThirdPartySearch?FileSystemId=PL&Folder1_Ref=3378%2F24",
            "proposal": "The proposed development will consist of alteratio",
            "register_number": "VS-0976",
            "registration_date": "2024-10-09"
          },
          {
            "app_type": "Permission",
            "applicant": "Mulsh Sarl",
            "council_confirmed": true,
            "decision": "GRANT PERMISSION",
            "decision_date": "2023-06-12",
            "outcome": "Granted",
            "overlap_pct": 89.6,
            "plan_ref": "3594/23",
            "planning_portal_url": "https://webapps.dublincity.ie/PublicAccess_Live/SearchResult/RunThirdPartySearch?FileSystemId=PL&Folder1_Ref=3594%2F23",
            "proposal": "The proposed development will consist of the demol",
            "register_number": "VS-0976",
            "registration_date": "2023-04-19"
          },
          {
            "app_type": "Permission",
            "applicant": "Mulsh Sarl",
            "council_confirmed": true,
            "decision": "REFUSE PERMISSION",
            "decision_date": "2023-03-21",
            "outcome": "Refused",
            "overlap_pct": 89.6,
            "plan_ref": "3596/22",
            "planning_portal_url": "https://webapps.dublincity.ie/PublicAccess_Live/SearchResult/RunThirdPartySearch?FileSystemId=PL&Folder1_Ref=3596%2F22",
            "proposal": "Planning permission is sought for development at a",
            "register_number": "VS-0976",
            "registration_date": "2023-02-23"
          },
          {
            "app_type": "Permission",
            "applicant": "Mulsh Sarl",
            "council_confirmed": true,
            "decision": "REFUSE PERMISSION",
            "decision_date": "2020-01-31",
            "outcome": "Refused",
            "overlap_pct": 89.6,
            "plan_ref": "4567/19",
            "planning_portal_url": "https://webapps.dublincity.ie/PublicAccess_Live/SearchResult/RunThirdPartySearch?FileSystemId=PL&Folder1_Ref=4567%2F19",
            "proposal": "Planning permission is sought by Mulsh Sarl for de",
            "register_number": "VS-0976",
            "registration_date": "2019-11-28"
          },
          {
            "app_type": "Permission",
            "applicant": "Larkan Catering Ltd.,",
            "council_confirmed": true,
            "decision": "GRANT PERMISSION",
            "decision_date": "2003-04-16",
            "outcome": "Granted",
            "overlap_pct": 89.6,
            "plan_ref": "0101/03",
            "planning_portal_url": "https://webapps.dublincity.ie/PublicAccess_Live/SearchResult/RunThirdPartySearch?FileSystemId=PL&Folder1_Ref=0101%2F03",
            "proposal": "1st floor function room, restaurant & lounge exten",
            "register_number": "VS-0976",
            "registration_date": "2003-03-24"
          }
        ],
        "priority_code": 1,
        "register_number": "VS-0976",
        "register_status": "Vacant - Suitable",
        "valuation": 550000,
        "valuation_date": "2022-11-07"
      },
      "type": "Feature"
    },
    {
      "geometry": {
        "coordinates": [
          [
            [
              -6.2292286844,
              53.355089722
            ],
            [
              -6.2286843565,
              53.3554293554
            ],
            [
              -6.2286667695,
              53.3554232527
            ],
            [
              -6.2279102879,
              53.3551637951
            ],
            [
              -6.2278900481,
              53.3551559453
            ],
            [
              -6.2278708435,
              53.3551470324
            ],
            [
              -6.2278530344,
              53.3551373314
            ],
            [
              -6.2278365007,
              53.3551267506
            ],
            [
              -6.2278133979,
              53.3551042991
            ],
            [
              -6.2277907784,
              53.3550791586
            ],
            [
              -6.2277758427,
              53.3550539524
            ],
            [
              -6.2277664032,
              53.3550276596
            ],
            [
              -6.2277668612,
              53.3550016936
            ],
            [
              -6.2277678774,
              53.3549861609
            ],
            [
              -6.2277711184,
              53.3549707511
            ],
            [
              -6.2277764606,
              53.3549554624
            ],
            [
              -6.2277840164,
              53.3549405661
            ],
            [
              -6.2277936621,
              53.3549260603
            ],
            [
              -6.2278052627,
              53.3549122127
            ],
            [
              -6.2278188257,
              53.3548988435
            ],
            [
              -6.2278342123,
              53.3548863103
            ],
            [
              -6.2278512987,
              53.3548746112
            ],
            [
              -6.2282317997,
              53.3546406644
            ],
            [
              -6.2282832694,
              53.3546094344
            ],
            [
              -6.2284284015,
              53.3546229131
            ],
            [
              -6.2292286844,
              53.355089722
            ]
          ]
        ],
        "type": "Polygon"
      },
      "properties": {
        "address": "Site adjacent to the Tunnel Control Building, East Wall Road, Dublin 3",
        "date_registered": "2018-05-17",
        "folio_reference": "Unregistered",
        "linked_planning_ref_count": 6,
        "owner_address": "Port Centre, Alexander Road, Dublin 1, D01 H4C6",
        "ownership": "Dublin Port Company",
        "planning_applications": [
          {
            "app_type": "Permission",
            "applicant": "Electricity Supply Board (ESB)",
            "council_confirmed": false,
            "decision": "GRANT PERMISSION",
            "decision_date": "2021-07-08",
            "outcome": "Granted",
            "overlap_pct": 1.4,
            "plan_ref": "2766/21",
            "planning_portal_url": "https://webapps.dublincity.ie/PublicAccess_Live/SearchResult/RunThirdPartySearch?FileSystemId=PL&Folder1_Ref=2766%2F21",
            "proposal": "The development will consist of the continued use",
            "register_number": "VS-0979",
            "registration_date": "2021-05-14"
          },
          {
            "app_type": "LAW",
            "applicant": "Dublin City Council",
            "council_confirmed": false,
            "decision": "City Council - Approved",
            "decision_date": "2018-06-11",
            "outcome": "Other",
            "overlap_pct": 0.1,
            "plan_ref": "2443/18",
            "planning_portal_url": "https://webapps.dublincity.ie/PublicAccess_Live/SearchResult/RunThirdPartySearch?FileSystemId=PL&Folder1_Ref=2443%2F18",
            "proposal": "LAW: Two storey extension to the existing Tunnel C",
            "register_number": "VS-0979",
            "registration_date": "2018-03-07"
          },
          {
            "app_type": "Permission",
            "applicant": "ESB",
            "council_confirmed": false,
            "decision": "GRANT PERMISSION",
            "decision_date": "2016-07-28",
            "outcome": "Granted",
            "overlap_pct": 1.4,
            "plan_ref": "3052/16",
            "planning_portal_url": "https://webapps.dublincity.ie/PublicAccess_Live/SearchResult/RunThirdPartySearch?FileSystemId=PL&Folder1_Ref=3052%2F16",
            "proposal": "Temporary surface car park for a period of max 5 y",
            "register_number": "VS-0979",
            "registration_date": "2016-06-03"
          },
          {
            "app_type": "Pre-Application Consultation",
            "applicant": "Gerard Crowley ESB",
            "council_confirmed": false,
            "decision": null,
            "decision_date": null,
            "outcome": "Undecided",
            "overlap_pct": 1.4,
            "plan_ref": "PAC0116/16",
            "planning_portal_url": "https://webapps.dublincity.ie/PublicAccess_Live/SearchResult/RunThirdPartySearch?FileSystemId=PL&Folder1_Ref=PAC0116%2F16",
            "proposal": "PAC: temporary relocation from Fitzwilliam St. for",
            "register_number": "VS-0979",
            "registration_date": "2016-03-07"
          },
          {
            "app_type": "Permission",
            "applicant": "Gary Keville Transport Ltd.",
            "council_confirmed": false,
            "decision": "APPLICATION DECLARED INVA",
            "decision_date": "2015-09-23",
            "outcome": "Granted",
            "overlap_pct": 1.4,
            "plan_ref": "3484/15",
            "planning_portal_url": "https://webapps.dublincity.ie/PublicAccess_Live/SearchResult/RunThirdPartySearch?FileSystemId=PL&Folder1_Ref=3484%2F15",
            "proposal": "Provision of temporary single storey office buildi",
            "register_number": "VS-0979",
            "registration_date": "2015-08-25"
          },
          {
            "app_type": "Permission",
            "applicant": "Fingleton White",
            "council_confirmed": false,
            "decision": "GRANT PERMISSION",
            "decision_date": "2015-10-15",
            "outcome": "Granted",
            "overlap_pct": 2.2,
            "plan_ref": "2552/15",
            "planning_portal_url": "https://webapps.dublincity.ie/PublicAccess_Live/SearchResult/RunThirdPartySearch?FileSystemId=PL&Folder1_Ref=2552%2F15",
            "proposal": "PROTECTED STRUCTURE: Pipeline from Dublin Port to",
            "register_number": "VS-0979",
            "registration_date": "2015-08-21"
          }
        ],
        "priority_code": 1,
        "register_number": "VS-0979",
        "register_status": "Vacant - Suitable",
        "valuation": 4000000,
        "valuation_date": "2019-01-21"
      },
      "type": "Feature"
    },
    {
      "geometry": {
        "coordinates": [
          [
            [
              -6.2734658264,
              53.3426038268
            ],
            [
              -6.2736300205,
              53.3426996687
            ],
            [
              -6.2738082508,
              53.342803712
            ],
            [
              -6.2738897217,
              53.34284722
            ],
            [
              -6.2740797732,
              53.3429437949
            ],
            [
              -6.2740922592,
              53.3429351681
            ],
            [
              -6.274126521,
              53.3429117581
            ],
            [
              -6.2744296079,
              53.3427026984
            ],
            [
              -6.2742792961,
              53.3426249427
            ],
            [
              -6.2741882312,
              53.3425736572
            ],
            [
              -6.2740451168,
              53.3424649099
            ],
            [
              -6.2739052509,
              53.3423585462
            ],
            [
              -6.2738759035,
              53.3423768147
            ],
            [
              -6.273850706,
              53.3423935257
            ],
            [
              -6.2737856333,
              53.3424346438
            ],
            [
              -6.2737409452,
              53.3424034411
            ],
            [
              -6.27373512,
              53.3424004809
            ],
            [
              -6.2737142175,
              53.3424120414
            ],
            [
              -6.2736660786,
              53.3424386657
            ],
            [
              -6.2736294648,
              53.342458986
            ],
            [
              -6.2736021044,
              53.3424740479
            ],
            [
              -6.2735754901,
              53.3424583847
            ],
            [
              -6.2735396994,
              53.3424828509
            ],
            [
              -6.2735028895,
              53.3425080214
            ],
            [
              -6.2735643098,
              53.3425419827
            ],
            [
              -6.2734658264,
              53.3426038268
            ]
          ]
        ],
        "type": "Polygon"
      },
      "properties": {
        "address": "40-48 Back Lane (former Mother Redcaps Market), Dublin 8",
        "date_registered": "2018-05-17",
        "folio_reference": "DN60067F",
        "linked_planning_ref_count": 5,
        "owner_address": "6 Anglesea Street, Temple Bar, Dublin 2, D02 FK84",
        "ownership": "Redcaps Development Limited",
        "planning_applications": [
          {
            "app_type": "Permission",
            "applicant": "Iveagh Markets Hotels Limited",
            "council_confirmed": true,
            "decision": "APPLICATION DECLARED INVA",
            "decision_date": "2020-01-17",
            "outcome": "Granted",
            "overlap_pct": 93.9,
            "plan_ref": "4811/19",
            "planning_portal_url": "https://webapps.dublincity.ie/PublicAccess_Live/SearchResult/RunThirdPartySearch?FileSystemId=PL&Folder1_Ref=4811%2F19",
            "proposal": " PROTECTED STRUCTURE: Iveagh Markets Hotels Limite",
            "register_number": "VS-1077",
            "registration_date": "2019-12-23"
          },
          {
            "app_type": "Permission",
            "applicant": "Lord Iveagh Hotels and Markets Ltd",
            "council_confirmed": true,
            "decision": "GRANT PERMISSION",
            "decision_date": "2007-03-15",
            "outcome": "Granted",
            "overlap_pct": 93.9,
            "plan_ref": "1238/07",
            "planning_portal_url": "https://webapps.dublincity.ie/PublicAccess_Live/SearchResult/RunThirdPartySearch?FileSystemId=PL&Folder1_Ref=1238%2F07",
            "proposal": "PROTECTED STRUCTURE - Mixed use development Hotel",
            "register_number": "VS-1077",
            "registration_date": "2007-01-19"
          },
          {
            "app_type": "Permission",
            "applicant": "Christchurch Developments (Dublin) Ltd.",
            "council_confirmed": true,
            "decision": "GRANT PERMISSION",
            "decision_date": "2004-06-23",
            "outcome": "Granted",
            "overlap_pct": 64.8,
            "plan_ref": "1606/04",
            "planning_portal_url": "https://webapps.dublincity.ie/PublicAccess_Live/SearchResult/RunThirdPartySearch?FileSystemId=PL&Folder1_Ref=1606%2F04",
            "proposal": "Demolition & construction of mixed use development",
            "register_number": "VS-1077",
            "registration_date": "2004-05-27"
          },
          {
            "app_type": "Permission",
            "applicant": "Christchurch Developments (Dublin) Ltd.",
            "council_confirmed": true,
            "decision": "APPLICATION DECLARED INVA",
            "decision_date": "2004-02-11",
            "outcome": "Granted",
            "overlap_pct": 94.3,
            "plan_ref": "1190/04",
            "planning_portal_url": "https://webapps.dublincity.ie/PublicAccess_Live/SearchResult/RunThirdPartySearch?FileSystemId=PL&Folder1_Ref=1190%2F04",
            "proposal": "PROTECTED STRUCTURE Construction of mixed use deve",
            "register_number": "VS-1077",
            "registration_date": "2004-01-22"
          },
          {
            "app_type": "Permission",
            "applicant": "Zoe Developments Limited.",
            "council_confirmed": true,
            "decision": "REFUSE PERMISSION",
            "decision_date": "1998-06-11",
            "outcome": "Refused",
            "overlap_pct": 2.2,
            "plan_ref": "1054/98",
            "planning_portal_url": "https://webapps.dublincity.ie/PublicAccess_Live/SearchResult/RunThirdPartySearch?FileSystemId=PL&Folder1_Ref=1054%2F98",
            "proposal": "Alteration to previously approved development",
            "register_number": "VS-1077",
            "registration_date": "1998-04-17"
          }
        ],
        "priority_code": 1,
        "register_number": "VS-1077",
        "register_status": "Vacant - Suitable",
        "valuation": 4600000,
        "valuation_date": "2018-05-21"
      },
      "type": "Feature"
    }
  ],
  "metadata": {
    "attribution": "Compiled by Stephan Hügel",
    "license": "CC-BY-4.0",
    "license_url": "https://creativecommons.org/licenses/by/4.0/",
    "repository": "https://github.com/urschrei/derelict_sites_register"
  },
  "type": "FeatureCollection"
}
